T,L,k,ratio,modo,n,stop_pts,R,t,p,wr,min_anio,R2021,R2023,R2025
210,10,0.1,1.0,mom,766,15.3,-0.008799992989561627,-0.2442293733642436,0.5964406672330098,0.5221932114882507,-0.0501908969107496,-0.0501908969107496,0.013690491183146527,0.010960765743245147
210,10,0.1,1.0,rev,766,15.3,-0.099239849679698,-2.754187199195452,0.9969882484808695,0.47780678851174935,-0.1380130940906389,-0.07073856326752247,-0.1380130940906389,-0.08890828714826467
210,10,0.1,1.5,mom,766,15.3,-0.004482524039205435,-0.10112881145136886,0.540262647258027,0.4216710182767624,-0.03069883758418713,-0.009102867610436875,0.025676026043262915,-0.03069883758418713
210,10,0.1,1.5,rev,766,15.3,-0.08020399792295999,-1.8347956719043679,0.9665379403296595,0.39425587467362927,-0.15304473079208314,-0.023569728460200685,-0.15304473079208314,-0.06399682769692001
210,10,0.1,2.0,mom,766,15.3,0.01370424538404928,0.2678749464708276,0.39443389388957273,0.3642297650130548,-0.08788148928938136,0.07666389357000328,0.04907344689453789,-0.08788148928938136
210,10,0.1,2.0,rev,766,15.3,-0.034489561841788606,-0.6804616594162508,0.7517909623160983,0.34986945169712796,-0.09679297778759663,0.0557842120390388,-0.09679297778759663,-0.06396527999003516
210,10,0.15,1.0,mom,766,23.0,-0.013389766383470475,-0.3758938008090213,0.6464499689944823,0.5091383812010444,-0.03821495435726342,-0.03821495435726342,0.034267006371607726,-0.036662034034841355
210,10,0.15,1.0,rev,766,23.0,-0.05863679539603596,-1.6453766906984175,0.9498485333656816,0.4908616187989556,-0.1171487416432693,-0.04240468576158462,-0.1171487416432693,-0.015302980235171668
210,10,0.15,1.5,mom,766,23.0,0.03359465668249571,0.7748831880120097,0.21932406290031556,0.43994778067885115,-0.05403695954671312,0.08057050165346168,0.07149800380242576,-0.05403695954671312
210,10,0.15,1.5,rev,766,23.0,-0.04281448818787517,-0.9973797737147034,0.8405522129816176,0.4112271540469974,-0.06725034109428947,0.00047872054457622095,-0.06725034109428947,-0.0625461956469009
210,10,0.15,2.0,mom,766,23.0,0.05298638015489312,1.0744431205073466,0.14148144750633332,0.39295039164490864,-0.03865107851295796,0.10767677684602406,0.08701187402244116,-0.03865107851295796
210,10,0.15,2.0,rev,766,23.0,-0.036868800084645596,-0.7655177548354182,0.7779002959456256,0.36553524804177545,-0.06229242128814448,-0.004266396557989477,-0.06229242128814448,-0.04450940754106448
210,10,0.25,1.0,mom,766,38.3,0.004563521105252973,0.13700030433429602,0.445533300741929,0.5156657963446475,-0.01305403269132583,-0.01305403269132583,0.021699125522213095,0.005199905497873647
210,10,0.25,1.0,rev,766,38.3,-0.04777945817295684,-1.4343516648739398,0.9240597133987596,0.4830287206266319,-0.07142816668521004,-0.035317751379982984,-0.07142816668521004,-0.03637891405988146
210,10,0.25,1.5,mom,766,38.3,0.021175575045792133,0.5489796761779271,0.2915897951066425,0.45430809399477806,-0.0018769202578644462,0.05753024208140046,-0.0018769202578644462,0.007210105169060864
210,10,0.25,1.5,rev,766,38.3,-0.058368270955883664,-1.540629240910927,0.9380897169823194,0.42428198433420367,-0.10578496069504709,-0.047564137987401986,-0.10578496069504709,-0.020816995659370723
210,10,0.25,2.0,mom,766,38.3,-0.01710883725776561,-0.4165782430662049,0.6614481095255054,0.4164490861618799,-0.04924803526274802,0.016977032601471376,-0.020196155515729734,-0.04924803526274802
210,10,0.25,2.0,rev,766,38.3,-0.03519267401710576,-0.8573254662699518,0.8042332339599545,0.41383812010443866,-0.08554415244147684,-0.012242427768776673,-0.08554415244147684,-0.00720780931012124
210,10,0.4,1.0,mom,766,61.4,0.014773527149448904,0.5276601179040498,0.2989441307223756,0.5026109660574413,7.684167283454091e-05,0.0360826886945291,0.007594922203837301,7.684167283454091e-05
210,10,0.4,1.0,rev,766,61.4,-0.04178348781676381,-1.492417389008718,0.9319989861592011,0.4934725848563969,-0.06631505373909713,-0.06631505373909713,-0.03867557293071038,-0.019563722024089424
210,10,0.4,1.5,mom,766,61.4,-0.007672710650411499,-0.2545690120193438,0.600437794995675,0.4699738903394256,-0.03644524918858948,0.01444154646759562,-0.0019702124364789878,-0.03644524918858948
210,10,0.4,1.5,rev,766,61.4,-0.01913514828596758,-0.6196265601261868,0.7321559121308447,0.47911227154047,-0.03573627996557506,-0.03573627996557506,-0.014893363044951619,-0.006296931093658663
210,10,0.4,2.0,mom,766,61.4,-0.0043734196718613495,-0.13910819490492052,0.5552993678037365,0.4660574412532637,-0.04263951571042036,0.01988938105009237,0.008398792867647355,-0.04263951571042036
210,10,0.4,2.0,rev,766,61.4,-0.00039849306351084636,-0.012142382352514082,0.5048424077740472,0.47780678851174935,-0.008243826974452438,-0.008243826974452438,0.002945058462629804,0.004292101899352034
210,30,0.1,1.0,mom,765,15.3,-0.03417703541928534,-0.9470324288794904,0.8280391562915876,0.5098039215686274,-0.11385808642869198,-0.11385808642869198,0.009846828088349451,0.00326577297418526
210,30,0.1,1.0,rev,765,15.3,-0.0738988089851281,-2.0480643291145073,0.9795524853520894,0.49019607843137253,-0.1341694309958418,-0.007071373749580075,-0.1341694309958418,-0.08120304942389725
210,30,0.1,1.5,mom,765,15.3,-0.03919876438175378,-0.889311070039869,0.8129420764956622,0.4091503267973856,-0.0753748323755504,-0.07270130798565759,0.029614464115781017,-0.0753748323755504
210,30,0.1,1.5,rev,765,15.3,-0.046146826870196694,-1.0474485667281317,0.8523880025725574,0.4065359477124183,-0.15698316886460126,0.040028711915020034,-0.15698316886460126,-0.021385881700755588
210,30,0.1,2.0,mom,765,15.3,-0.013850560044258851,-0.2722811274960855,0.6072602827582176,0.35555555555555557,-0.10657116347909196,-0.015688714414086063,0.07783625799877109,-0.10657116347909196
210,30,0.1,2.0,rev,765,15.3,-0.00816388948691989,-0.15994458287678953,0.5635164974861335,0.3581699346405229,-0.12555578889182983,0.14813682002312814,-0.12555578889182983,-0.04957820923005477
210,30,0.15,1.0,mom,765,23.0,-0.06500569601758151,-1.8246082739223566,0.9657747175173242,0.48627450980392156,-0.12987549271420853,-0.10630810758562187,0.03946863850997716,-0.12987549271420853
210,30,0.15,1.0,rev,765,23.0,-0.007044866918694119,-0.19753193751694534,0.5782680836930307,0.5137254901960784,-0.12235037378163874,0.02568846746677383,-0.12235037378163874,0.07791730841440053
210,30,0.15,1.5,mom,765,23.0,-0.009801327144708624,-0.2270154298812617,0.589763763095586,0.4235294117647059,-0.1232191408937548,-0.019518551592645206,0.10987881587291033,-0.1232191408937548
210,30,0.15,1.5,rev,765,23.0,0.0006609005229407425,0.015289744595542578,0.4939025079674087,0.42745098039215684,-0.10563115316477403,0.1005677737906831,-0.10563115316477403,0.00644876245626368
210,30,0.15,2.0,mom,765,23.0,-0.012642417858009071,-0.26043451186506683,0.6027006002114406,0.3738562091503268,-0.1290257982337747,-0.025866260362451824,0.11344488534127618,-0.1290257982337747
210,30,0.15,2.0,rev,765,23.0,0.028872523611313424,0.588340120078325,0.27823895009340255,0.3843137254901961,-0.08872543260697953,0.1292766406504864,-0.08872543260697953,0.04581231652278119
210,30,0.25,1.0,mom,765,38.3,-0.025008844064797902,-0.7497790891328288,0.7731907109019793,0.5019607843137255,-0.10013125413446661,-0.10013125413446661,0.04643064529487013,-0.02060420373303281
210,30,0.25,1.0,rev,765,38.3,-0.018221493696967475,-0.5461763813953318,0.7074479243577219,0.49673202614379086,-0.09615968645786707,0.051759470063157786,-0.09615968645786707,-0.010570706846851996
210,30,0.25,1.5,mom,765,38.3,-0.026599392478931706,-0.6967061381677069,0.7569006823998599,0.4366013071895425,-0.07364545407934685,-0.07364545407934685,0.030526114195654944,-0.03662479513299293
210,30,0.25,1.5,rev,765,38.3,-0.010599830607368277,-0.27590128232198996,0.6086507505333107,0.4418300653594771,-0.13818799514856647,0.08361155817334533,-0.13818799514856647,0.02309257338011411
210,30,0.25,2.0,mom,765,38.3,-0.06548094157486875,-1.6288736545011528,0.9481239970036224,0.403921568627451,-0.11095613653663322,-0.1070726723723679,0.020494084970001412,-0.11095613653663322
210,30,0.25,2.0,rev,765,38.3,0.013153153038344788,0.31356688619347756,0.3769678011359237,0.4261437908496732,-0.12623439292720798,0.11180727720506259,-0.12623439292720798,0.054402876548252994
210,30,0.4,1.0,mom,765,61.3,-0.021834628928663558,-0.7785462392069518,0.7817559434621422,0.48627450980392156,-0.06458932435803408,-0.06458932435803408,0.0346257172368373,-0.035637210648851336
210,30,0.4,1.0,rev,765,61.3,-0.005184332172439801,-0.18483079737395697,0.573294598289267,0.5098039215686274,-0.06570636796371039,0.03435695931346606,-0.06570636796371039,0.016152891536423342
210,30,0.4,1.5,mom,765,61.3,-0.04564902638905091,-1.532994882280177,0.9371544578151195,0.45751633986928103,-0.09232079822184519,-0.09232079822184519,0.034690568549104635,-0.08002367295295552
210,30,0.4,1.5,rev,765,61.3,0.018832431204152573,0.602451776051734,0.273526108640209,0.4915032679738562,-0.05155414403053524,0.07102606472386576,-0.05155414403053524,0.03719065913069492
210,30,0.4,2.0,mom,765,61.3,-0.04355395655448782,-1.4085011325877281,0.9203052269731896,0.4549019607843137,-0.09044722464352593,-0.0865523190838467,0.04521257904580183,-0.09044722464352593
210,30,0.4,2.0,rev,765,61.3,0.038802112729029066,1.1647591006444402,0.12224003757892149,0.4888888888888889,-0.03386872771552467,0.09819787315948664,-0.03386872771552467,0.052026626956988044
210,60,0.1,1.0,mom,766,15.3,-0.0694330043777958,-1.9256032267412655,0.9727378531013745,0.49216710182767626,-0.08890828714826468,-0.07524804781865338,-0.04462788008285677,-0.08890828714826468
210,60,0.1,1.0,rev,766,15.3,-0.03860683829146384,-1.070278508506703,0.8575842362253743,0.5078328981723238,-0.07969472282463558,-0.04568141235961869,-0.07969472282463558,0.01096076574324514
210,60,0.1,1.5,mom,766,15.3,-0.07589710406885147,-1.730736307186544,0.9580489782637672,0.39295039164490864,-0.13456789047569695,-0.08999920991260348,-0.004612504787749781,-0.13456789047569695
210,60,0.1,1.5,rev,766,15.3,-0.00878941789331394,-0.19887467793461933,0.5787931898425692,0.42297650130548303,-0.12275619996107044,0.05732661384196592,-0.12275619996107044,0.03987222519458981
210,60,0.1,2.0,mom,766,15.3,-0.06870014061025866,-1.3671009460561385,0.9140023813067327,0.33550913838120106,-0.20189099794881019,-0.01647530890198714,0.008231699553926448,-0.20189099794881019
210,60,0.1,2.0,rev,766,15.3,0.047914824152519304,0.9301479365895501,0.17629395541848808,0.3785900783289817,-0.055951230446985196,0.14892341451102922,-0.055951230446985196,0.050044228669393676
210,60,0.15,1.0,mom,766,23.0,-0.08776607025097304,-2.466908016837225,0.9930767094226144,0.47127937336814624,-0.157686005135578,-0.157686005135578,0.028880218580407332,-0.13524140262918125
210,60,0.15,1.0,rev,766,23.0,0.01573950847146659,0.44210168203983663,0.3292702902866669,0.5287206266318538,-0.11176195385206891,0.07706636501672999,-0.11176195385206891,0.0832763883591682
210,60,0.15,1.5,mom,766,23.0,-0.04837358296236487,-1.1270716512899672,0.8699672084741278,0.40339425587467365,-0.12509136463012369,-0.07640942030813157,0.05450862438974906,-0.12509136463012369
210,60,0.15,1.5,rev,766,23.0,0.03915375145698541,0.9032438889315608,0.183340396218469,0.44778067885117495,-0.050260961681612766,0.15745864250616948,-0.050260961681612766,0.00850820943650965
210,60,0.15,2.0,mom,766,23.0,-0.032970782419431216,-0.6803920146937188,0.7517689320163716,0.360313315926893,-0.10005130304365561,-0.10005130304365561,0.06656120029991063,-0.06579424128821816
210,60,0.15,2.0,rev,766,23.0,0.04908836248967873,1.0011347160223247,0.15853912001420825,0.3981723237597911,-0.04184174756561395,0.20346168333169018,-0.04184174756561395,-0.017366244765804267
210,60,0.25,1.0,mom,766,38.3,-0.05417960892315371,-1.626820470281936,0.9479064833114861,0.47780678851174935,-0.12002179980263036,-0.12002179980263036,-0.008202048634552043,-0.033232031148698396
210,60,0.25,1.0,rev,766,38.3,0.01096367185544985,0.3292157128106287,0.3710413789813586,0.52088772845953,-0.0415269925284449,0.07165001573132153,-0.0415269925284449,0.0020530225866905853
210,60,0.25,1.5,mom,766,38.3,-0.06587532331619073,-1.7355607936081106,0.9584779005465691,0.40992167101827676,-0.13228014869907398,-0.13228014869907398,-0.036079710291355746,-0.02770981440905405
210,60,0.25,1.5,rev,766,38.3,0.02868262740609919,0.7453651232813916,0.22813998149513917,0.46866840731070497,-0.07158217066155577,0.14224625279307246,-0.07158217066155577,0.014102923918744195
210,60,0.25,2.0,mom,766,38.3,-0.08001239713091016,-1.9685607384604895,0.9753178941652242,0.3825065274151436,-0.1389406700126697,-0.1389406700126697,-0.03932375866743382,-0.060790626765860924
210,60,0.25,2.0,rev,766,38.3,0.02771088585603877,0.6696512683389796,0.2516410930025455,0.44778067885117495,-0.06641654928977275,0.14367527484536438,-0.06641654928977275,0.004334782192991664
210,60,0.4,1.0,mom,766,61.4,-0.04481563750839916,-1.6006986725588228,0.9450717369498574,0.4621409921671018,-0.11105930125920592,-0.11105930125920592,-0.020014063188169128,-0.0016832202637598718
210,60,0.4,1.0,rev,766,61.4,0.01780567684108427,0.6361581018858277,0.26243182795564096,0.5339425587467362,-0.017803660087495003,0.08082693621463789,-0.01106658753870396,-0.017803660087495003
210,60,0.4,1.5,mom,766,61.4,-0.05234391678529366,-1.737357536232188,0.9586367277627514,0.4360313315926893,-0.12283365116745591,-0.12283365116745591,-0.014075866087060929,-0.018656108083156847
210,60,0.4,1.5,rev,766,61.4,0.025536057848914596,0.8282816139125703,0.20388468010241828,0.5130548302872062,-0.024086072199091306,0.10153891766947647,-0.002787709394369675,-0.024086072199091306
210,60,0.4,2.0,mom,766,61.4,-0.047806772143759856,-1.51962008568566,0.9354901712632646,0.43342036553524804,-0.11755412596872088,-0.11755412596872088,-0.0102551922869582,-0.014151537673892382
210,60,0.4,2.0,rev,766,61.4,0.04303485940838766,1.3153934272133976,0.09438590793822678,0.5104438642297651,-0.024195876137175942,0.1291996800443608,0.02159904361723537,-0.024195876137175942
230,10,0.1,1.0,mom,766,15.3,0.0001503042057333352,0.004177020668080889,0.49833415918266916,0.5274151436031331,-0.024160991090899538,-0.024160991090899538,-0.018179897407211324,0.04418025339115211
230,10,0.1,1.0,rev,766,15.3,-0.10818454562945991,-3.0063745860537976,0.9986348339147877,0.47127937336814624,-0.12212364317131615,-0.09676546979997752,-0.10613305245580962,-0.12212364317131615
230,10,0.1,1.5,mom,766,15.3,0.03174200314486984,0.7149983991508281,0.23741408544447185,0.4386422976501306,-0.034647322854687135,8.839112411446e-05,-0.034647322854687135,0.13278337232591697
230,10,0.1,1.5,rev,766,15.3,-0.09470491489399772,-2.171258028952177,0.9848908070517293,0.3838120104438642,-0.13815812408856143,-0.0758232621327341,-0.07146384783768003,-0.13815812408856143
230,10,0.1,2.0,mom,766,15.3,0.04952116119588677,0.9655643275273155,0.16728368296290752,0.3785900783289817,0.016231004419953246,0.06368293226436993,0.016231004419953246,0.06907184753459783
230,10,0.1,2.0,rev,766,15.3,-0.099105817330138,-1.9937302420056933,0.9767319106931125,0.32506527415143605,-0.15899596865861684,-0.13548889887168522,-0.00418069689675108,-0.15899596865861684
230,10,0.15,1.0,mom,766,23.0,0.028717909004761094,0.8107457090272424,0.20888193231872088,0.5313315926892951,-0.015399179997058058,-0.0032241143600988784,-0.015399179997058058,0.1071622127046261
230,10,0.15,1.0,rev,766,23.0,-0.10074073662057881,-2.8460094326938896,0.9977272401513401,0.4660574412532637,-0.15912447255806877,-0.07739352623381918,-0.06747611991162257,-0.15912447255806877
230,10,0.15,1.5,mom,766,23.0,0.05781519571584453,1.3400415354462218,0.0903148599076079,0.45039164490861616,0.027078539793984387,0.03647587385282387,0.027078539793984387,0.1115200154536062
230,10,0.15,1.5,rev,766,23.0,-0.08447348693767945,-1.9980788176460074,0.9769691559375351,0.39033942558746737,-0.16297276800893795,-0.12130654386567714,0.029007376922888763,-0.16297276800893795
230,10,0.15,2.0,mom,766,23.0,0.021578549247477,0.4472577113078889,0.32740780070642406,0.38511749347258484,-0.01715251550381829,-0.01715251550381829,-0.013836820588343955,0.09811093252104286
230,10,0.15,2.0,rev,766,23.0,-0.07623550230993267,-1.6056444829354413,0.9456176336173477,0.3472584856396867,-0.19358584361524273,-0.0956620908873937,0.057496294452284887,-0.19358584361524273
230,10,0.25,1.0,mom,766,38.3,0.022666089699514693,0.6832239680634293,0.24733609613495455,0.5169712793733682,-0.0773720208701756,0.04091050583602354,-0.0773720208701756,0.10660405224773312
230,10,0.25,1.0,rev,766,38.3,-0.06587978626900533,-1.9867990984805644,0.9763495089747383,0.4751958224543081,-0.13778140815979875,-0.08928109019237437,0.02764684092496721,-0.13778140815979875
230,10,0.25,1.5,mom,766,38.3,0.021393868696397547,0.5608281042935354,0.2875394729055214,0.45300261096605743,-0.12258637749117658,0.07750629052422181,-0.12258637749117658,0.11127309276359781
230,10,0.25,1.5,rev,766,38.3,-0.10512805408079895,-2.8077993966472987,0.9974424245566034,0.402088772845953,-0.19864943068986812,-0.11910264448871312,-7.06102367636635e-05,-0.19864943068986812
230,10,0.25,2.0,mom,766,38.3,0.02137791687536612,0.5202571385141661,0.30151744444417267,0.4321148825065274,-0.12239890626742819,0.09509516669884577,-0.12239890626742819,0.09280942024903376
230,10,0.25,2.0,rev,766,38.3,-0.11514060781347754,-2.8952367141208772,0.9980516780274907,0.37989556135770236,-0.20561837410906483,-0.13420033109434634,-0.00791916849969604,-0.20561837410906483
230,10,0.4,1.0,mom,766,61.3,0.04224477391628163,1.5307895346777627,0.06311740525992504,0.5261096605744126,-0.0665815773663102,0.08082445532296834,-0.0665815773663102,0.11414971309745862
230,10,0.4,1.0,rev,766,61.3,-0.06925333427221328,-2.5103245346699294,0.9938663384814912,0.4608355091383812,-0.13363556054249964,-0.1110560705456876,0.03550333990055496,-0.13363556054249964
230,10,0.4,1.5,mom,766,61.3,0.04194940170207725,1.390840383714028,0.0823391233800849,0.5052219321148825,-0.04619980898375297,0.0819343218715233,-0.04619980898375297,0.09114241299156457
230,10,0.4,1.5,rev,766,61.3,-0.07290220564278574,-2.4860751002314023,0.9934357699843014,0.4412532637075718,-0.11637762033481212,-0.1109128721058013,0.007695523100123264,-0.11637762033481212
230,10,0.4,2.0,mom,766,61.3,0.04816752830930481,1.512914122698726,0.06535723484182096,0.5,-0.04956635754409759,0.09262631775247972,-0.04956635754409759,0.1025786571034733
230,10,0.4,2.0,rev,766,61.3,-0.06253198540356149,-2.02483226783593,0.9783842628409347,0.43733681462140994,-0.10978276436669793,-0.10246596735846582,0.023676559604626602,-0.10978276436669793
230,30,0.1,1.0,mom,766,15.3,-0.057290949057974244,-1.591374977054244,0.9440308363881899,0.49869451697127937,-0.1478197466088479,-0.02416099109089953,-0.002615695072580976,-0.1478197466088479
230,30,0.1,1.0,rev,766,15.3,-0.050743292365752334,-1.4066517024601155,0.9200316047741005,0.5,-0.12169725479043995,-0.09676546979997752,-0.12169725479043995,0.06987635682868384
230,30,0.1,1.5,mom,766,15.3,-0.04415518149257283,-1.0048267091494991,0.8423509895937003,0.4073107049608355,-0.1188147058463526,0.008823047922517176,-0.02491969639554316,-0.1188147058463526
230,30,0.1,1.5,rev,766,15.3,-0.01880773025655506,-0.425649645902357,0.6647585613182547,0.4151436031331593,-0.08455791893113683,-0.08455791893113683,-0.08119147429682401,0.11343995408370813
230,30,0.1,2.0,mom,766,15.3,-0.0270213761572927,-0.5352108631313283,0.7036702020022527,0.35117493472584854,-0.15953395085040542,0.015096054753813065,0.05943671359874538,-0.15953395085040542
230,30,0.1,2.0,rev,766,15.3,-0.022563279976958537,-0.44535523502474517,0.6719054740814309,0.3524804177545692,-0.08690202136112835,-0.08690202136112835,-0.047386406075543216,0.06960982972638644
230,30,0.15,1.0,mom,766,23.0,-0.048171442630705094,-1.3580576172775223,0.9125771039408057,0.4908616187989556,-0.09588954978471394,-0.00845212274933132,-0.041781470104532335,-0.09588954978471394
230,30,0.15,1.0,rev,766,23.0,-0.02385138498511263,-0.6719266043338504,0.7490833555857324,0.5065274151436031,-0.07216551784458673,-0.07216551784458673,-0.041093829804148295,0.043927289931271235
230,30,0.15,1.5,mom,766,23.0,-0.01653350784521523,-0.38751614102821,0.6507590357949872,0.4151436031331593,-0.0894909117253577,0.011190327538132358,0.026497144317230645,-0.0894909117253577
230,30,0.15,1.5,rev,766,23.0,-0.010124783376619685,-0.23592737586946808,0.5932239134446164,0.4255874673629243,-0.09602099755098563,-0.09602099755098563,0.029588772399642506,0.03803815917002593
230,30,0.15,2.0,mom,766,23.0,-0.023839585055656202,-0.4980617420282342,0.6907081636025928,0.3629242819843342,-0.09587814937858752,-0.004676720956657607,0.026924847936920435,-0.09587814937858752
230,30,0.15,2.0,rev,766,23.0,-0.0308173680067995,-0.6429751196624358,0.7397835439296133,0.36945169712793735,-0.10813788543455438,-0.10813788543455438,0.016734625927020495,0.00040323828438763697
230,30,0.25,1.0,mom,766,38.3,0.023504564744947064,0.7087446086268518,0.23934944648368256,0.5078328981723238,0.0125437870144978,0.0125437870144978,0.03466179439658051,0.023390298391813308
230,30,0.25,1.0,rev,766,38.3,-0.06671826131443769,-2.0115649372548767,0.9776919751370339,0.48433420365535246,-0.08438697434178889,-0.06091437137084863,-0.08438697434178889,-0.05456765430387892
230,30,0.25,1.5,mom,766,38.3,0.004662317688258814,0.1220346113901523,0.4514518281511813,0.4386422976501306,-0.03370988121228648,0.04874137248955172,-0.002432723044809432,-0.03370988121228648
230,30,0.25,1.5,rev,766,38.3,-0.08839650307266023,-2.3606088952694524,0.9907525325535892,0.4164490861618799,-0.12022426468313083,-0.09033772645404303,-0.12022426468313083,-0.05366645671398383
230,30,0.25,2.0,mom,766,38.3,0.004527028210738378,0.11046939592646352,0.4560330468477622,0.4177545691906005,-0.03543120123767518,0.045499682465272,0.0021053936199959006,-0.03543120123767518
230,30,0.25,2.0,rev,766,38.3,-0.09828971914884979,-2.460348048772906,0.9929498883519987,0.39425587467362927,-0.13242346838712013,-0.08460484686077253,-0.13242346838712013,-0.0773777526223559
230,30,0.4,1.0,mom,766,61.3,0.022236749937787223,0.8047174309449846,0.21061638723868256,0.5052219321148825,-0.0010905389247087031,0.04396305410790317,0.02303328470651857,-0.0010905389247087031
230,30,0.4,1.0,rev,766,61.3,-0.04924531029371886,-1.7818107759861055,0.9624116550131177,0.48172323759791125,-0.07419466933062242,-0.07419466933062242,-0.054111522172273815,-0.018395308520332308
230,30,0.4,1.5,mom,766,61.3,0.03155530507388654,1.0547827026445802,0.14592886263452712,0.49216710182767626,0.01871745166803841,0.03039454448678988,0.045213283064237005,0.01871745166803841
230,30,0.4,1.5,rev,766,61.3,-0.06250810901459505,-2.1102022023121707,0.9824174843915474,0.45430809399477806,-0.08371756894786671,-0.05937309472106785,-0.08371756894786671,-0.04395265901128595
230,30,0.4,2.0,mom,766,61.3,0.029976520958502256,0.9591811536015529,0.16888526911162183,0.4856396866840731,0.012359587864598015,0.04372059196527026,0.033262586650032,0.012359587864598015
230,30,0.4,2.0,rev,766,61.3,-0.04434097805275892,-1.4056588927037965,0.9198842825491205,0.4516971279373368,-0.05915238458950299,-0.05356024157125638,-0.05915238458950299,-0.019563695127822644
230,60,0.1,1.0,mom,766,15.3,-0.0486770380577001,-1.351824235252435,0.9115844529832768,0.5026109660574413,-0.10341665868106621,-0.08015526196246489,0.03629481076399491,-0.10341665868106621
230,60,0.1,1.0,rev,766,15.3,-0.05935720336602646,-1.645808229031405,0.9498929994953013,0.4960835509138381,-0.16060776062701584,-0.04077119892841216,-0.16060776062701584,0.025473268900902173
230,60,0.1,1.5,mom,766,15.3,-0.05053248253190701,-1.1501356893740144,0.8747763027518927,0.4046997389033943,-0.10785564204802708,-0.06887879974432203,0.023718435900176683,-0.10785564204802708
230,60,0.1,1.5,rev,766,15.3,-0.012430429217220883,-0.28131485133074313,0.6107275035227219,0.4177545691906005,-0.12982960659254383,-0.0068560712642976186,-0.12982960659254383,0.10248089028538261
230,60,0.1,2.0,mom,766,15.3,-0.0635346831377096,-1.2659062015369058,0.8970339810448595,0.3381201044386423,-0.18036372068121276,-0.07278715254077195,0.05943671359874538,-0.18036372068121276
230,60,0.1,2.0,rev,766,15.3,0.013950027003458364,0.2739562184481222,0.3920961103230155,0.36553524804177545,-0.047386406075543216,0.0009811859334566703,-0.047386406075543216,0.09043959955719376
230,60,0.15,1.0,mom,766,23.0,-0.06747690932783233,-1.9032411521011179,0.9713079078363978,0.4830287206266319,-0.11609059541049514,-0.057850854936970626,-0.02988829674638283,-0.11609059541049514
230,60,0.15,1.0,rev,766,23.0,-0.004545918287985402,-0.128114916543424,0.5509541488122547,0.5143603133159269,-0.052987003162297805,-0.022766785656947425,-0.052987003162297805,0.06412833555705244
230,60,0.15,1.5,mom,766,23.0,-0.06573564951805283,-1.5533027068926113,0.9396177917468973,0.3968668407310705,-0.14627519322997268,-0.060073469013144074,0.006903965957467001,-0.14627519322997268
230,60,0.15,1.5,rev,766,23.0,0.039077358296217925,0.9051398255474488,0.18283814237994422,0.44386422976501305,-0.0247572009997092,-0.0247572009997092,0.049181950759406144,0.0948224406746409
230,60,0.15,2.0,mom,766,23.0,-0.06259890972816995,-1.3165223683447804,0.9058034701576315,0.34856396866840733,-0.15172754079184497,-0.05991652005892213,0.02139882895503457,-0.15172754079184497
230,60,0.15,2.0,rev,766,23.0,0.007941956665714275,0.16473848102050026,0.4345966730598427,0.3838120104438642,-0.052898086332289866,-0.052898086332289866,0.022260644908906356,0.05625262969764509
230,60,0.25,1.0,mom,766,38.3,-0.025886667574520565,-0.7796492467907679,0.782080754215186,0.4856396866840731,-0.048340711275008164,-0.048340711275008164,0.0073575226820378125,-0.03679930588455745
230,60,0.25,1.0,rev,766,38.3,-0.017327028994970045,-0.521780993095883,0.699013071048135,0.5065274151436031,-0.05708270262724619,-2.9873081342651056e-05,-0.05708270262724619,0.0056219499724918355
230,60,0.25,1.5,mom,766,38.3,-0.039980781846329604,-1.0481889155982507,0.8525586909280164,0.41906005221932113,-0.09260605102283992,-0.01394151315329448,-0.01503079467655731,-0.09260605102283992
230,60,0.25,1.5,rev,766,38.3,-0.043753403538071785,-1.1641174841598363,0.8776303367247996,0.4360313315926893,-0.10762619305138293,-0.027654840811196832,-0.10762619305138293,0.0052297130965696095
230,60,0.25,2.0,mom,766,38.3,-0.05415824608043826,-1.341072508599316,0.9098525302143196,0.3968668407310705,-0.11814614122074954,-0.03398211129529414,-0.012246359404463586,-0.11814614122074954
230,60,0.25,2.0,rev,766,38.3,-0.03960444485767314,-0.9746397832583384,0.834976472390953,0.4151436031331593,-0.11807171536266065,-0.005123053100206408,-0.11807171536266065,0.005337187360718463
230,60,0.4,1.0,mom,766,61.3,-0.0015585815199107963,-0.056348341117280376,0.5224604885840185,0.489556135770235,-0.03716956059149754,0.0010921379191801712,0.030411101099436,-0.03716956059149754
230,60,0.4,1.0,rev,766,61.3,-0.025449978836020844,-0.9199451595031891,0.821054297806874,0.49738903394255873,-0.06148933856519124,-0.03132375314189943,-0.06148933856519124,0.017683713146456535
230,60,0.4,1.5,mom,766,61.3,0.0011861100546842916,0.03978142698389238,0.48413888149865275,0.47389033942558745,-0.03242931890525855,-0.01669590850964277,0.0519071219151762,-0.03242931890525855
230,60,0.4,1.5,rev,766,61.3,-0.032138913995392794,-1.0781906330648967,0.859355728954557,0.4725848563968668,-0.0904114077988059,-0.012282641724635217,-0.0904114077988059,0.00719411156201101
230,60,0.4,2.0,mom,766,61.3,0.0041646177467301836,0.1328043626097409,0.44719151395427637,0.46736292428198434,-0.020065476809895094,-0.016956679496201367,0.049020413953249985,-0.020065476809895094
230,60,0.4,2.0,rev,766,61.3,-0.018529074840986846,-0.5884034697469428,0.7217824086345934,0.4699738903394256,-0.07491021189272098,0.007117029890215252,-0.07491021189272098,0.012861369546670465
310,10,0.1,1.0,mom,766,15.3,-0.03801993103915878,-1.057386847061848,0.8546655741181246,0.5065274151436031,-0.17378137592188453,-0.023717989052074867,0.07963049015160656,-0.17378137592188453
310,10,0.1,1.0,rev,766,15.3,-0.08045746266334439,-2.233413021643442,0.9870949418811575,0.4869451697127937,-0.21173259588244103,-0.11264767979060251,-0.21173259588244103,0.08784243922972641
310,10,0.1,1.5,mom,766,15.3,-0.046550565203653076,-1.0642191220938417,0.8562173804274048,0.4073107049608355,-0.18729507020092528,-0.02774777582097879,0.0714113172835275,-0.18729507020092528
310,10,0.1,1.5,rev,766,15.3,-0.0563237272582271,-1.28362266949709,0.9001686578180983,0.402088772845953,-0.25843964728150376,-0.044163077678063045,-0.25843964728150376,0.13885300556065136
310,10,0.1,2.0,mom,766,15.3,-0.05045130086854777,-1.0051451757009515,0.8424276148795968,0.34464751958224543,-0.12845407576643006,-0.06709356345753759,0.04219865918989161,-0.12845407576643006
310,10,0.1,2.0,rev,766,15.3,-0.01037558623200186,-0.20471324147475878,0.5810746864388574,0.360313315926893,-0.2913499604176762,0.013904189044988025,-0.2913499604176762,0.25331222324390984
310,10,0.15,1.0,mom,766,23.0,-0.033850012846425026,-0.9561953425352506,0.83036219135089,0.5,-0.1329901249279221,-0.0633915219015157,0.09236118896541451,-0.1329901249279221
310,10,0.15,1.0,rev,766,23.0,-0.038172340135400405,-1.0771275199227133,0.8591185775477816,0.49869451697127937,-0.1752411920077607,-0.01722291369759224,-0.1752411920077607,0.08103083379981668
310,10,0.15,1.5,mom,766,23.0,-0.04161826963622687,-0.9849189258810291,0.8375123542114449,0.412532637075718,-0.09097268992109397,-0.08151671371226094,0.04660080463190393,-0.09097268992109397
310,10,0.15,1.5,rev,766,23.0,0.0042236315962622655,0.09947100435775892,0.4603951843332253,0.4347258485639687,-0.19345820269866953,0.033252553166732854,-0.19345820269866953,0.17736659450444464
310,10,0.15,2.0,mom,766,23.0,-0.04460551358144788,-0.9447743181851572,0.8274638003983116,0.3668407310704961,-0.14287385404103503,-0.07045968895178435,0.0770416324723029,-0.14287385404103503
310,10,0.15,2.0,rev,766,23.0,0.0215555606820182,0.44930110346290364,0.32667086126998046,0.39295039164490864,-0.18523594125878753,0.020542210927534298,-0.18523594125878753,0.2351870550228118
310,10,0.25,1.0,mom,766,38.4,-0.05159510186092198,-1.5841201453059623,0.9432101696165985,0.47780678851174935,-0.14277298626000973,-0.06617037515741825,0.05178803776384249,-0.14277298626000973
310,10,0.25,1.0,rev,766,38.4,0.00838169007182672,0.25712263802605917,0.3985766212759025,0.5182767624020888,-0.10151603958925022,0.017801713797953467,-0.10151603958925022,0.1115974115831465
310,10,0.25,1.5,mom,766,38.4,-0.07897950722914412,-2.1554279103011305,0.9842801745798828,0.4112271540469974,-0.18204434407753672,-0.05891979569720011,0.0010622979277611342,-0.18204434407753672
310,10,0.25,1.5,rev,766,38.4,0.027261287591293207,0.7292935488119725,0.2330226699877399,0.4725848563968668,-0.08284597776867025,0.012897195967616968,-0.08284597776867025,0.1553327553034642
310,10,0.25,2.0,mom,766,38.4,-0.08675332136047564,-2.2158343388553416,0.9865017621220117,0.391644908616188,-0.2295300769432794,-0.04619273642278341,0.011258341662242842,-0.2295300769432794
310,10,0.25,2.0,rev,766,38.4,-0.017928763394254442,-0.4549884174202195,0.6753766689248863,0.4347258485639687,-0.09054590229939144,-0.0051923638776245696,-0.09054590229939144,0.043526745500997874
310,10,0.4,1.0,mom,766,61.4,-0.05860459737218707,-2.1943661357068653,0.9857454690511221,0.46344647519582244,-0.13369553073065413,-0.03984208244752549,-0.004467469068181553,-0.13369553073065413
310,10,0.4,1.0,rev,766,61.4,0.03159621500400252,1.1823571344887878,0.11871569258039237,0.5274151436031331,-0.026612532072698276,0.00961166909786001,-0.026612532072698276,0.1142107965576146
310,10,0.4,1.5,mom,766,61.4,-0.05439384853851453,-1.886286775795675,0.9701825688926617,0.4464751958224543,-0.16405495254993133,-0.012926790394817405,0.010490618168242828,-0.16405495254993133
310,10,0.4,1.5,rev,766,61.4,0.012048390267933825,0.42093585704676406,0.33696007465932315,0.5013054830287206,-0.03399036123916482,0.023728396695254443,-0.03399036123916482,0.047275740158527084
310,10,0.4,2.0,mom,766,61.4,-0.050110086128244816,-1.6732260607064648,0.9526541858328128,0.44386422976501305,-0.1713497084807184,0.0073735007576463535,0.009896359726512314,-0.1713497084807184
310,10,0.4,2.0,rev,766,61.4,0.02643308913035259,0.8681455575650374,0.1927934538460502,0.49869451697127937,-0.030594553480551054,0.03139558983364491,-0.030594553480551054,0.07991635500575073
310,30,0.1,1.0,mom,765,15.3,-0.0413379655426108,-1.1486778267028426,0.8744758223681073,0.5084967320261438,-0.15433979912661014,0.0012354074536769623,0.02594310785567554,-0.15433979912661014
310,30,0.1,1.0,rev,765,15.3,-0.07714603193508443,-2.1402749270860233,0.983675704618993,0.4849673202614379,-0.15811816905545636,-0.13760107629635435,-0.15811816905545636,0.06840086243445204
310,30,0.1,1.5,mom,765,15.3,-0.013740601223374078,-0.312495578303511,0.6226254017997487,0.4235294117647059,-0.15726769550877606,0.08021720369635604,0.03136370384358054,-0.15726769550877606
310,30,0.1,1.5,rev,765,15.3,-0.08977349357416795,-2.056284483393056,0.9799528642861608,0.38562091503267976,-0.2206326698740467,-0.15212805719539788,-0.2206326698740467,0.1088256308685021
310,30,0.1,2.0,mom,765,15.3,-0.009170089553939864,-0.18123519974197133,0.5718844824714424,0.3633986928104575,-0.08916091729877668,0.05503341993064861,0.003990058804266379,-0.08916091729877668
310,30,0.1,2.0,rev,765,15.3,-0.0489736620974856,-0.9721596247396448,0.8343605877752301,0.34248366013071896,-0.2458590389209073,-0.10822279434319816,-0.2458590389209073,0.21401906477625643
310,30,0.15,1.0,mom,765,23.0,0.008628603515738768,0.24384130273458715,0.4037095965594615,0.5241830065359477,-0.11924800986857267,0.05363017615508588,0.08797917395514097,-0.11924800986857267
310,30,0.15,1.0,rev,765,23.0,-0.08064625760762276,-2.27656376330737,0.9884559553453521,0.4745098039215686,-0.1708875480883282,-0.13424461175419386,-0.1708875480883282,0.06728871874046728
310,30,0.15,1.5,mom,765,23.0,0.005588000141298812,0.13188899868960657,0.44755340742327987,0.4366013071895425,-0.0911344338660944,0.05361301661565151,0.05145569246548227,-0.0911344338660944
310,30,0.15,1.5,rev,765,23.0,-0.040318295219502524,-0.9505319419288749,0.8289286884475089,0.4117647058823529,-0.19077887332240304,-0.1018771771611796,-0.19077887332240304,0.17752833844944507
310,30,0.15,2.0,mom,765,23.0,-0.008151857762131192,-0.17307463666348294,0.5686806985928227,0.3895424836601307,-0.11501383277102518,0.031171416346434885,0.056421445980466015,-0.11501383277102518
310,30,0.15,2.0,rev,765,23.0,-0.012215000953131671,-0.25341424378776967,0.5999918512614226,0.3712418300653595,-0.15693050986460472,-0.08108889437068495,-0.15693050986460472,0.20732703375280193
310,30,0.25,1.0,mom,765,38.3,-0.030128776757257145,-0.9240801042370898,0.8221318140900762,0.5006535947712418,-0.1363604279371881,-0.005584541712518508,0.048781207298974984,-0.1363604279371881
310,30,0.25,1.0,rev,765,38.3,-0.013081815697873237,-0.40091184820042514,0.6557014396328744,0.4954248366013072,-0.09852623177888734,-0.04278411964694628,-0.09852623177888734,0.10518485326032487
310,30,0.25,1.5,mom,765,38.3,-0.04870115883422372,-1.3280503555882126,0.9077209598533039,0.4418300653594771,-0.16123297450394736,0.0019936318369876455,0.009904322156351182,-0.16123297450394736
310,30,0.25,1.5,rev,765,38.3,-0.0036789536367848913,-0.09822448687340397,0.5391100987199858,0.4418300653594771,-0.09378336714401296,-0.04801623156657079,-0.09378336714401296,0.13452138572987482
310,30,0.25,2.0,mom,765,38.3,-0.03958164965668462,-1.0050047183066169,0.8423936149677738,0.4300653594771242,-0.20927419316535978,0.04650810437438117,0.039035106527388605,-0.20927419316535978
310,30,0.25,2.0,rev,765,38.3,-0.06648515651305527,-1.696131341625102,0.9548658052891036,0.396078431372549,-0.1223614068456502,-0.09789320467478917,-0.1223614068456502,0.023270861723078254
310,30,0.4,1.0,mom,765,61.4,-0.027786414139816532,-1.0386194997743814,0.8503448391101478,0.5032679738562091,-0.11401183613588808,0.012087290578831006,0.016077124832402923,-0.11401183613588808
310,30,0.4,1.0,rev,765,61.4,0.0007797938553600325,0.029126896433015012,0.48838549564959266,0.4875816993464052,-0.04716776513234814,-0.042317703928496486,-0.04716776513234814,0.09452710196284857
310,30,0.4,1.5,mom,765,61.4,-0.01669769104136747,-0.573411970934242,0.716732736054507,0.4888888888888889,-0.14643021625987854,0.05760215931282601,0.03482367639180307,-0.14643021625987854
310,30,0.4,1.5,rev,765,61.4,-0.026319648381958913,-0.9279782099499868,0.823144027497227,0.4588235294117647,-0.060257573238704676,-0.046800553012388973,-0.060257573238704676,0.029651003868474277
310,30,0.4,2.0,mom,765,61.4,-0.00940971000767829,-0.30735671911378776,0.6206721854870859,0.4849673202614379,-0.1456311263812339,0.07138164193451986,0.041880891321851334,-0.1456311263812339
310,30,0.4,2.0,rev,765,61.4,-0.014108707817844481,-0.4723315776201551,0.6815874903176544,0.45751633986928103,-0.062093569958286646,-0.032612551343228595,-0.062093569958286646,0.054197772906266255
310,60,0.1,1.0,mom,766,15.3,-0.04890081031026335,-1.3590505585940704,0.912734454825188,0.5026109660574413,-0.12359913756554797,-0.04688401221809803,0.021730439137014224,-0.12359913756554797
310,60,0.1,1.0,rev,766,15.3,-0.06957658339223982,-1.9320472745037862,0.9731386885540688,0.4908616187989556,-0.1538325448678487,-0.08948165662457935,-0.1538325448678487,0.03766020087338986
310,60,0.1,1.5,mom,766,15.3,-0.0350470456833494,-0.7992283136645801,0.7877969445522399,0.412532637075718,-0.09652703394771389,-0.008442756515959486,-0.002052936065695192,-0.09652703394771389
310,60,0.1,1.5,rev,766,15.3,-0.06782724677853079,-1.549915442127625,0.9392123054390097,0.3968668407310705,-0.18497539393228105,-0.06346809698308235,-0.18497539393228105,0.04808496930743993
310,60,0.1,2.0,mom,766,15.3,-0.010267736292077105,-0.20293649977128872,0.5803806863226258,0.360313315926893,-0.023483492992015912,-0.007658991863908083,-0.023483492992015912,0.0006154023678769276
310,60,0.1,2.0,rev,766,15.3,-0.05055915080847255,-1.0055250654727708,0.8425189869481442,0.34464751958224543,-0.22566780823576865,-0.04553038254864147,-0.22566780823576865,0.12424274510960286
310,60,0.15,1.0,mom,766,23.0,-0.00818939298078192,-0.23128843816897818,0.5914237126773352,0.5143603133159269,-0.04269989464304741,-0.000314227230869274,0.017444682841548802,-0.04269989464304741
310,60,0.15,1.0,rev,766,23.0,-0.06383296000104352,-1.8030050245935447,0.9641095869376255,0.48433420365535246,-0.10032468588389501,-0.08030020836823869,-0.10032468588389501,-0.009259396485057997
310,60,0.15,1.5,mom,766,23.0,0.01893840763420514,0.4460746061639341,0.327834790306384,0.43994778067885115,-0.002939491521366164,0.01800485466014789,-0.002939491521366164,0.042396048847255764
310,60,0.15,1.5,rev,766,23.0,-0.05633304567416972,-1.3338563165686488,0.908676041268815,0.4073107049608355,-0.14391790654539946,-0.06626901520567598,-0.14391790654539946,0.043997855736094896
310,60,0.15,2.0,mom,766,23.0,0.01603136562455685,0.3375215289976971,0.3679081872327015,0.39425587467362927,0.009195504414973266,0.013555289139134685,0.009195504414973266,0.02562384618690615
310,60,0.15,2.0,rev,766,23.0,-0.03908131852398654,-0.8192572359681336,0.7935525922020774,0.36553524804177545,-0.1173898132014579,-0.06347276716338475,-0.1173898132014579,0.06668935479487059
310,60,0.25,1.0,mom,766,38.4,0.019810045196825176,0.608343610289731,0.27157008814193007,0.5169712793733682,-0.007135607455503121,0.0158639281079363,0.04999859573808702,-0.007135607455503121
310,60,0.25,1.0,rev,766,38.4,-0.06302345698592045,-1.9349222086742306,0.9733159195428639,0.47911227154047,-0.09972659756349474,-0.06423258946740107,-0.09972659756349474,-0.024039967221360124
310,60,0.25,1.5,mom,766,38.4,0.01679386931927232,0.4514997587782948,0.32587868308935375,0.4621409921671018,-0.028969971599464957,0.0370359681822525,0.04091159937441806,-0.028969971599464957
310,60,0.25,1.5,rev,766,38.4,-0.06851208895712323,-1.858451477489555,0.96825558657923,0.4216710182767624,-0.12269527921532716,-0.08305856791183563,-0.12269527921532716,0.0022583828253924295
310,60,0.25,2.0,mom,766,38.4,0.000992696372185169,0.025057039376551588,0.4900080007707619,0.43994778067885115,-0.1069902851179774,0.05204779358544776,0.05458209401539771,-0.1069902851179774
310,60,0.25,2.0,rev,766,38.4,-0.10567478112691525,-2.717928856227135,0.9966410735414845,0.38642297650130547,-0.1338696546525463,-0.10343289388585575,-0.1338696546525463,-0.07901304632430414
310,60,0.4,1.0,mom,766,61.4,0.018768276690746526,0.7020686417274338,0.241424951057994,0.52088772845953,-0.027637424864720008,0.021744826274356494,0.060910296327756845,-0.027637424864720008
310,60,0.4,1.0,rev,766,61.4,-0.045776659058931066,-1.7115559876073538,0.9563080727916713,0.4699738903394256,-0.09199029746863667,-0.05197523962402198,-0.09199029746863667,0.008152690691680483
310,60,0.4,1.5,mom,766,61.4,0.018435816233689596,0.640131400624502,0.261139423156678,0.5039164490861618,-0.07611186529186499,0.0568713582871096,0.0716736177494595,-0.07611186529186499
310,60,0.4,1.5,rev,766,61.4,-0.0607812745042703,-2.122378460090346,0.9829366732978764,0.44386422976501305,-0.0951733608203815,-0.04606975198667256,-0.0951733608203815,-0.04066734709953926
310,60,0.4,2.0,mom,766,61.4,0.02556681451694989,0.8438485329583715,0.19950891993733955,0.5,-0.07131277541322038,0.06910702147782811,0.07592861949623046,-0.07131277541322038
310,60,0.4,2.0,rev,766,61.4,-0.049243811514842105,-1.6358621920663508,0.9488601180480194,0.4425587467362924,-0.09662681325026921,-0.030337930886536853,-0.09662681325026921,-0.020120578061747284
330,10,0.1,1.0,mom,766,15.3,-0.026220609977799902,-0.7295713860930472,0.7670622304511941,0.5143603133159269,-0.057466796924799016,0.005158906090879391,-0.02744920112580828,-0.057466796924799016
330,10,0.1,1.0,rev,766,15.3,-0.08181193977182515,-2.2753485186874047,0.988419581488181,0.4856396866840731,-0.1260840935781487,-0.1260840935781487,-0.09686816559193066,-0.020468188285405496
330,10,0.1,1.5,mom,766,15.3,0.0013892113428501563,0.03146506507343491,0.4874534297484354,0.4255874673629243,-0.053948864232808015,0.08850767290644718,-0.053948864232808015,-0.031977973145259755
330,10,0.1,1.5,rev,766,15.3,-0.10654243659786905,-2.4612732388537895,0.9929678981883155,0.381201044386423,-0.15538272171915454,-0.15538272171915454,-0.12062858533968336,-0.04146334030563215
330,10,0.1,2.0,mom,766,15.3,0.0026900329914191184,0.053215143590495124,0.47878719143262805,0.3642297650130548,-0.11087355406592082,0.12630780923790919,-0.11087355406592082,-0.00863461570499915
330,10,0.1,2.0,rev,766,15.3,-0.06951996140929208,-1.4039578382327496,0.9196313867590542,0.34073107049608353,-0.12428763476039324,-0.07511639614598685,-0.12428763476039324,-0.007420886817144296
330,10,0.15,1.0,mom,766,23.0,0.02593771578739439,0.7365656065310408,0.23080618335423359,0.5287206266318538,-0.012652210348908012,0.08328463353523649,-0.012652210348908012,0.00619675306874883
330,10,0.15,1.0,rev,766,23.0,-0.10057038167791904,-2.855299192849445,0.9977919852675822,0.4660574412532637,-0.16390142519341605,-0.16390142519341605,-0.07022603412958463,-0.06615340987555185
330,10,0.15,1.5,mom,766,23.0,0.044320167492100666,1.0466598043624624,0.14779354604219544,0.4451697127937337,-0.09618628836000855,0.14088572240384548,-0.09618628836000855,0.08871888921950126
330,10,0.15,1.5,rev,766,23.0,-0.05518082659072236,-1.317890034241993,0.9060325175741246,0.40992167101827676,-0.14849922343870292,-0.14849922343870292,-0.03162913329547916,0.017285891836275505
330,10,0.15,2.0,mom,766,23.0,0.057284080030011036,1.2031659232088603,0.11464216490086243,0.4046997389033943,-0.11913993217826578,0.1853240594713407,-0.11913993217826578,0.10599854587890206
330,10,0.15,2.0,rev,766,23.0,-0.06130811952478793,-1.3244461163596153,0.907124769181439,0.36945169712793735,-0.1732351580616447,-0.1732351580616447,-0.013795134201749115,0.005804943487311766
330,10,0.25,1.0,mom,766,38.3,-0.00035012915963484177,-0.010897622001550809,0.5043460155124841,0.5013054830287206,-0.07274643653582497,0.06674581304885324,-0.07274643653582497,0.004561878695094972
330,10,0.25,1.0,rev,766,38.3,-0.04286289074021519,-1.333922216026514,0.9086868365163627,0.489556135770235,-0.11511588804376097,-0.11511588804376097,0.023019489848729393,-0.03573587277917678
330,10,0.25,1.5,mom,766,38.3,-0.002896460246405247,-0.07931207908600241,0.5315974297353883,0.4516971279373368,-0.06928628605633358,0.06690695776409696,-0.06928628605633358,-0.00696406037267923
330,10,0.25,1.5,rev,766,38.3,-0.05938195805916371,-1.6440315743874767,0.9497097290020844,0.43994778067885115,-0.1770613363961069,-0.1770613363961069,0.0555186538325298,-0.05558395112675147
330,10,0.25,2.0,mom,766,38.3,-0.004595030890939025,-0.118333766553688,0.547082866365024,0.4321148825065274,-0.06075941376201265,0.06438947809575167,-0.06075941376201265,-0.018325996609686868
330,10,0.25,2.0,rev,766,38.3,-0.06514875264996776,-1.7128709963594335,0.9564292658743536,0.42689295039164493,-0.17786814691730066,-0.17786814691730066,0.060114207275999205,-0.07714178299290489
330,10,0.4,1.0,mom,766,61.3,0.00925500206596188,0.34905631012964,0.36357154412404746,0.49738903394255873,-0.06851853473642755,0.0880604879090429,-0.06851853473642755,0.007563714565386268
330,10,0.4,1.0,rev,766,61.3,-0.036263139503368146,-1.3675501345372088,0.9140727189863891,0.48433420365535246,-0.11829178478086023,-0.11829178478086023,0.037439193056992816,-0.0270474608679374
330,10,0.4,1.5,mom,766,61.3,-0.00010814719181941224,-0.0038098689528168568,0.5015194175036393,0.4765013054830287,-0.09370661588968472,0.09486109420455067,-0.09370661588968472,-0.002277055457053268
330,10,0.4,1.5,rev,766,61.3,-0.028874481366877675,-1.0061981016336559,0.8426807816657249,0.4699738903394256,-0.11014662952682504,-0.11014662952682504,0.04398304222367415,-0.019574070124259477
330,10,0.4,2.0,mom,766,61.3,0.0070524571582320185,0.23798646564394868,0.40597765930816465,0.4751958224543081,-0.10591279216523256,0.11344386073298773,-0.10591279216523256,0.012959239359306658
330,10,0.4,2.0,rev,766,61.3,-0.030184280446013203,-1.0188693097577965,0.8457064393943723,0.46475195822454307,-0.10422797931335374,-0.10422797931335374,0.03477141785309724,-0.020249466270933936
330,30,0.1,1.0,mom,766,15.3,-0.003862995414957076,-0.10755037412405054,0.5428097181035438,0.5221932114882507,-0.07414180812969934,0.021660993788512356,-0.07414180812969934,0.0419407712410036
330,30,0.1,1.0,rev,766,15.3,-0.10416955433466796,-2.9005180379723297,0.9980838549224491,0.47780678851174935,-0.14258618127578168,-0.14258618127578168,-0.05017555858803962,-0.11987575645120813
330,30,0.1,1.5,mom,766,15.3,-0.0003580177307636202,-0.008124598101668126,0.5032401509435585,0.42036553524804177,-0.08979236622598119,0.07571080442938971,-0.08979236622598119,0.012773192764401198
330,30,0.1,1.5,rev,766,15.3,-0.10479520752425527,-2.4157684149933845,0.9920323218644429,0.38642297650130547,-0.14258585324209708,-0.14258585324209708,-0.08478508334651019,-0.0862145062152931
330,30,0.1,2.0,mom,766,15.3,-0.002560687706068941,-0.05091481366451339,0.5202966539591407,0.35900783289817234,-0.15118129226747856,0.13790308184506328,-0.15118129226747856,0.004700828528087173
330,30,0.1,2.0,rev,766,15.3,-0.06426924071180402,-1.2908856771979365,0.9014333549148136,0.34595300261096606,-0.08671166875314093,-0.08671166875314093,-0.08397989655883548,-0.020756331050230618
330,30,0.15,1.0,mom,766,23.0,-0.005106463758507083,-0.14478391818842215,0.5575401925336285,0.5078328981723238,-0.05525547889492881,0.04749874271206348,-0.05525547889492881,-0.00805227010177665
330,30,0.15,1.0,rev,766,23.0,-0.06952620213201754,-1.9708579874577414,0.9754498805246329,0.4869451697127937,-0.12811553437024303,-0.12811553437024303,-0.027622765583563844,-0.05190438670502637
330,30,0.15,1.5,mom,766,23.0,0.004183362330512671,0.09988947882025095,0.4602291198789735,0.42689295039164493,-0.09843915346399532,0.07794741261136084,-0.09843915346399532,0.03325975247630815
330,30,0.15,1.5,rev,766,23.0,-0.015044021429134368,-0.3547392779251163,0.6385586543118289,0.4281984334203655,-0.08556091364621825,-0.08556091364621825,-0.029376268191492395,0.07274502857946862
330,30,0.15,2.0,mom,766,23.0,0.002321639476414251,0.04952651530955753,0.48025631726069423,0.381201044386423,-0.10804779575378087,0.09464849624822899,-0.10804779575378087,0.020130795277454736
330,30,0.15,2.0,rev,766,23.0,-0.006345678971191133,-0.1346411167517962,0.553534476816651,0.39295039164490864,-0.08255959483853298,-0.08255959483853298,-0.02488727062623402,0.09167269408875908
330,30,0.25,1.0,mom,766,38.3,-0.030058919819949223,-0.9354245122867694,0.8250676243907379,0.48172323759791125,-0.044111265448155114,-0.018939185294841673,-0.027595592329487672,-0.044111265448155114
330,30,0.25,1.0,rev,766,38.3,-0.013154100079900798,-0.40923160342211506,0.6587578742269884,0.5091383812010444,-0.029430889700066062,-0.029430889700066062,-0.022131354357607914,0.012937271364073308
330,30,0.25,1.5,mom,766,38.3,-0.05065540446549499,-1.3942826505404031,0.9181814692605912,0.42689295039164493,-0.10139995518507247,-0.02841330803002016,-0.023708187721890366,-0.10139995518507247
330,30,0.25,1.5,rev,766,38.3,-0.01162301384007397,-0.3199745661449894,0.6254625099563071,0.46475195822454307,-0.0817410706019898,-0.0817410706019898,0.009940555498086605,0.03885194368564178
330,30,0.25,2.0,mom,766,38.3,-0.026237062982497054,-0.669497703054562,0.74830997320669,0.4177545691906005,-0.08497138128428136,-0.013040406014884437,0.017598133207520135,-0.08497138128428136
330,30,0.25,2.0,rev,766,38.3,-0.04350672055840973,-1.1541775188558212,0.8756060851681143,0.4412532637075718,-0.10043826280666455,-0.10043826280666455,-0.01824333969353358,-0.010496398318310401
330,30,0.4,1.0,mom,766,61.3,-0.031111819748995097,-1.1733679100398378,0.8794932524792507,0.4725848563968668,-0.07233159401338626,0.009760294581840814,-0.03220494833105232,-0.07233159401338626
330,30,0.4,1.0,rev,766,61.3,0.00410368231158883,0.15470129019121293,0.4385488089712982,0.5091383812010444,-0.03999159145365815,-0.03999159145365815,0.001125606651617584,0.05284784771083513
330,30,0.4,1.5,mom,766,61.3,-0.01759874478905795,-0.6079643128663588,0.7283042075089039,0.4595300261096606,-0.06657296534625219,0.03721022669795383,-0.025193952866246618,-0.06657296534625219
330,30,0.4,1.5,rev,766,61.3,-0.011383883769639128,-0.40454670365152146,0.6570380883451842,0.4869451697127937,-0.05249576202022819,-0.05249576202022819,-0.02452962079976395,0.04472183976493944
330,30,0.4,2.0,mom,766,61.3,-0.009595024614757352,-0.31687642311058983,0.6242880870121117,0.45691906005221933,-0.04779946398528625,0.053441517324544406,-0.03595827177291661,-0.04779946398528625
330,30,0.4,2.0,rev,766,61.3,-0.013536798673023832,-0.4671087650248821,0.6797224628299148,0.4830287206266319,-0.0442256359049104,-0.0442256359049104,-0.0351831025392187,0.040509237073658964
330,60,0.1,1.0,mom,766,15.3,-0.021016529725057437,-0.5848112585580819,0.7205764654480831,0.5143603133159269,-0.06391243836307008,-0.020488285246661107,-0.06391243836307008,0.02253320307520098
330,60,0.1,1.0,rev,766,15.3,-0.08701602002456763,-2.4206930535674998,0.9921386082385183,0.4856396866840731,-0.10046818828540549,-0.10043690224060821,-0.06040492835466887,-0.10046818828540549
330,60,0.1,1.5,mom,766,15.3,-0.01724216013714334,-0.392578401441557,0.6526298740018224,0.4151436031331593,-0.05621669295740642,0.014348565967693067,-0.05621669295740642,-0.009904332642523443
330,60,0.1,1.5,rev,766,15.3,-0.08791106511787553,-2.0176304079548855,0.9780107621873272,0.391644908616188,-0.11836075661508497,-0.08122361478040041,-0.11836075661508497,-0.06353698080836846
330,60,0.1,2.0,mom,766,15.3,-0.028698642952016122,-0.574310416705991,0.7170367050519308,0.35117493472584854,-0.140853885534759,0.04060397983780387,-0.140853885534759,0.014799429212790064
330,60,0.1,2.0,rev,766,15.3,-0.03813128546585685,-0.7605672659911245,0.7764250363623393,0.3537859007832898,-0.09430730329155507,0.010587433254118475,-0.09430730329155507,-0.03085493173493351
330,60,0.15,1.0,mom,766,23.0,-0.00925158071559745,-0.26230499757511216,0.6034215369280063,0.5078328981723238,-0.012119426936371821,-0.0062180558800830526,-0.012119426936371821,-0.00944616653023433
330,60,0.15,1.0,rev,766,23.0,-0.06538108517492718,-1.8529105114126516,0.9678599468962017,0.4869451697127937,-0.0743987357780965,-0.0743987357780965,-0.07075881754212084,-0.05051049027656868
330,60,0.15,1.5,mom,766,23.0,0.007420631908530536,0.1767770541479048,0.4298651514934821,0.42950391644908614,-0.05540047292724481,0.014084817476569938,-0.05540047292724481,0.06509663143121878
330,60,0.15,1.5,rev,766,23.0,-0.018281291007152232,-0.4320798852266511,0.6670974441252381,0.4255874673629243,-0.07241494872824289,-0.021698318511427353,-0.07241494872824289,0.04090814962455798
330,60,0.15,2.0,mom,766,23.0,0.010163088752594904,0.21675691031765734,0.4142277922632581,0.38642297650130547,-0.0659967891551745,0.03585806304042537,-0.0659967891551745,0.061835449879589485
330,60,0.15,2.0,rev,766,23.0,-0.01418712824737179,-0.30110778001827515,0.6182929348769914,0.3877284595300261,-0.0669382772248404,-0.02376916163072935,-0.0669382772248404,0.049968039486624344
330,60,0.25,1.0,mom,766,38.3,-0.014476382337235744,-0.4504495181182591,0.673743011893783,0.4934725848563969,-0.03149711035968714,-0.03149711035968714,-0.022318832123268902,0.011219130274066
330,60,0.25,1.0,rev,766,38.3,-0.028736637562614274,-0.8940914193175428,0.8142229117282053,0.49738903394255873,-0.04239312435814781,-0.016872964635220596,-0.02740811456382668,-0.04239312435814781
330,60,0.25,1.5,mom,766,38.3,-0.03146294250387266,-0.8637565167715148,0.8060038048820715,0.43994778067885115,-0.04332832053245222,-0.036334064010110925,-0.015011716911418957,-0.04332832053245222
330,60,0.25,1.5,rev,766,38.3,-0.030815475801696305,-0.8502376066608258,0.8022704901715056,0.4516971279373368,-0.07382031462189904,-0.07382031462189904,0.0012440846876151954,-0.01921969096697848
330,60,0.25,2.0,mom,766,38.3,-0.023688940216310222,-0.6079812215303507,0.7283098118891791,0.42428198433420367,-0.07049115626426647,-0.009422739743402764,0.007461285812896135,-0.07049115626426647
330,60,0.25,2.0,rev,766,38.3,-0.04605484332459654,-1.214311502158807,0.887498246463578,0.4347258485639687,-0.10405592907814622,-0.10405592907814622,-0.008106492298909583,-0.024976623338325298
330,60,0.4,1.0,mom,766,61.3,-0.02051443061433035,-0.7734645954887434,0.7802567957301044,0.48433420365535246,-0.04061225980239191,0.002501155007262781,-0.024158708353541378,-0.04061225980239191
330,60,0.4,1.0,rev,766,61.3,-0.006493706823075914,-0.24475420454459768,0.5966438051801175,0.49738903394255873,-0.03273245187908012,-0.03273245187908012,-0.006920633325893366,0.021128513499840778
330,60,0.4,1.5,mom,766,61.3,-0.023017549399388614,-0.8017994221768027,0.7885410116530276,0.4621409921671018,-0.0670021989849804,0.032044078719351485,-0.03572104856808797,-0.0670021989849804
330,60,0.4,1.5,rev,766,61.3,-0.005965079159308466,-0.21017582693771777,0.5832067952590346,0.48433420365535246,-0.04732961404162583,-0.04732961404162583,-0.0140025250979226,0.04515107340366765
330,60,0.4,2.0,mom,766,61.3,-0.018271879176561746,-0.6121899114784118,0.7297029871153734,0.4595300261096606,-0.0483680982134058,0.040445792245197516,-0.04817001979533463,-0.0483680982134058
330,60,0.4,2.0,rev,766,61.3,-0.004859944111219442,-0.1651683664716555,0.5655724507559876,0.4804177545691906,-0.03122991082556352,-0.03122991082556352,-0.022971354516800678,0.04107787130177852
400,10,0.1,1.0,mom,766,15.3,-0.030234968836943925,-0.8430878704847588,0.800278587791602,0.5130548302872062,-0.08872157862108915,0.03595238883080104,-0.04004381393386857,-0.08872157862108915
400,10,0.1,1.0,rev,766,15.3,-0.0856267022677433,-2.3857916483820527,0.9913576233948327,0.4804177545691906,-0.15687591863448738,-0.15687591863448738,-0.09204831453146291,-0.005211096704692705
400,10,0.1,1.5,mom,766,15.3,0.005185958323653917,0.11814630120040462,0.452991375580005,0.4308093994778068,-0.08930817777706838,0.13461102622017299,-0.03332594268808874,-0.08930817777706838
400,10,0.1,1.5,rev,766,15.3,-0.067839386850984,-1.5608452737040648,0.9405130846627546,0.39425587467362927,-0.16116817926269206,-0.16116817926269206,-0.026596049393142012,-0.013548908819116029
400,10,0.1,2.0,mom,766,15.3,-0.007548916088721413,-0.15139675178619227,0.5601486670674192,0.3720626631853786,-0.11647261088098383,0.15268031366264082,-0.06306816436707631,-0.11647261088098383
400,10,0.1,2.0,rev,766,15.3,-0.053383990001268866,-1.0733704665867938,0.8582783051613478,0.34073107049608353,-0.14841798727540223,-0.14841798727540223,-0.011110440832093291,0.001614022628820778
400,10,0.15,1.0,mom,766,23.0,-0.010322369727181714,-0.2958972150826147,0.6163055603975112,0.5156657963446475,-0.07215987852153871,0.09992458263641735,-0.061274056355908976,-0.07215987852153871
400,10,0.15,1.0,rev,766,23.0,-0.061696812227727264,-1.7672621737873944,0.9612085131167094,0.47911227154047,-0.18054026917220828,-0.18054026917220828,-0.021599295176101898,0.02020476163768414
400,10,0.15,1.5,mom,766,23.0,-0.013494594041966644,-0.32646890382526883,0.6279205465764175,0.4386422976501306,-0.10368674079589567,0.14937652269527965,-0.10368674079589567,-0.08951154411871476
400,10,0.15,1.5,rev,766,23.0,-0.0714992785928874,-1.7360741877375212,0.9585233336490282,0.39556135770234985,-0.17817637859910804,-0.17817637859910804,-0.07413175864196234,0.04172438650400619
400,10,0.15,2.0,mom,766,23.0,-0.037854158884626454,-0.8322470244855446,0.7972353765852265,0.39295039164490864,-0.14006639013650246,0.12945754190936593,-0.14006639013650246,-0.10611490718027397
400,10,0.15,2.0,rev,766,23.0,-0.061144109258075,-1.3346614298236963,0.9088078650681051,0.3629242819843342,-0.18130726459274282,-0.18130726459274282,-0.011094726004430594,0.011894153683894432
400,10,0.25,1.0,mom,766,38.3,-0.00792082924287825,-0.2526062642338713,0.5996798269728878,0.5143603133159269,-0.07422789562054519,0.09298082570256913,-0.04510667374269983,-0.07422789562054519
400,10,0.25,1.0,rev,766,38.3,-0.03529067993006713,-1.125077443005608,0.8695454587950472,0.47780678851174935,-0.14135023762404367,-0.14135023762404367,-0.004617337176506699,0.04305482549023243
400,10,0.25,1.5,mom,766,38.3,-0.02411696918246981,-0.6943175929947811,0.7561530726779031,0.4699738903394256,-0.06547759141485535,0.04110163318776527,-0.04960904099489977,-0.06547759141485535
400,10,0.25,1.5,rev,766,38.3,-0.022542502886129502,-0.6333603324859556,0.7366561699036991,0.4412532637075718,-0.14661239760331218,-0.14661239760331218,0.009139237739023528,0.07342507867821445
400,10,0.25,2.0,mom,766,38.3,-0.011043730635758229,-0.2963557328283913,0.6164805686997047,0.4595300261096606,-0.060216729096660274,0.07491227231443545,-0.04983499580647671,-0.060216729096660274
400,10,0.25,2.0,rev,766,38.3,-0.01494134710519716,-0.3926253064430025,0.652647191161564,0.42950391644908614,-0.1447110477163018,-0.1447110477163018,0.025499864907782183,0.07792649677856447
400,10,0.4,1.0,mom,766,61.4,-0.02205360251556173,-0.8794617184180913,0.8102864256965431,0.5078328981723238,-0.049855322077127555,0.02903853100191626,-0.049855322077127555,-0.04640488513037925
400,10,0.4,1.0,rev,766,61.4,-0.004953590717529138,-0.1975317742793661,0.5782680541862875,0.4830287206266319,-0.059269413452837844,-0.059269413452837844,0.018777815252623477,0.026921716298933782
400,10,0.4,1.5,mom,766,61.4,-0.004084730419308716,-0.14954176213101059,0.5594172134590627,0.49738903394255873,-0.04601201765717883,0.06018838061784885,-0.02807272243937205,-0.04601201765717883
400,10,0.4,1.5,rev,766,61.4,0.006795835566076275,0.24764562628865808,0.40223752864330875,0.47127937336814624,-0.042925602519880854,-0.042925602519880854,0.026723346100666776,0.03782176459356881
400,10,0.4,2.0,mom,766,61.4,-0.0021106546103650606,-0.07510598150813642,0.5299249879411927,0.4960835509138381,-0.035135339778540955,0.05547914297205924,-0.02802344169909626,-0.035135339778540955
400,10,0.4,2.0,rev,766,61.4,-0.0019732065013596464,-0.07007500505730274,0.5279238628159948,0.4660574412532637,-0.046886290478444316,-0.046886290478444316,0.004177754729797977,0.03823356035327003
400,30,0.1,1.0,mom,766,15.3,0.009028471943140009,0.2521875877157438,0.4004819050584841,0.5313315926892951,-0.048721578621089154,0.051689051524022214,0.02221299540465283,-0.048721578621089154
400,30,0.1,1.0,rev,766,15.3,-0.12489014304782722,-3.4869648367826884,0.9997417922854629,0.4621409921671018,-0.17261258132770857,-0.17261258132770857,-0.15430512386998432,-0.0452110967046927
400,30,0.1,1.5,mom,766,15.3,0.00782704420729184,0.17801989583300284,0.4293772395376688,0.42950391644908614,-0.07313682715602622,0.10384329492565793,-0.010177784957016713,-0.07313682715602622
400,30,0.1,1.5,rev,766,15.3,-0.07048047273462191,-1.6245915927723837,0.9476692411589291,0.39556135770234985,-0.13040044796817696,-0.13040044796817696,-0.04974420712421404,-0.02972025944015819
400,30,0.1,2.0,mom,766,15.3,0.013799455858711703,0.2742309958337456,0.391990570851469,0.37467362924281983,-0.10819083726576376,0.19854118306788693,-0.05371234984579226,-0.10819083726576376
400,30,0.1,2.0,rev,766,15.3,-0.07473236194870199,-1.5179430422532527,0.9352790561089084,0.3381201044386423,-0.19427885668064832,-0.19427885668064832,-0.02046625535337734,-0.006667750986399302
400,30,0.15,1.0,mom,766,23.0,-0.028488827382388268,-0.8161746808526807,0.7926728506740928,0.5026109660574413,-0.06096877456349014,0.0329701430650016,-0.06096877456349014,-0.058770935063711484
400,30,0.15,1.0,rev,766,23.0,-0.043530354572520705,-1.246815386601968,0.8935765975529282,0.49216710182767626,-0.11358582960079251,-0.11358582960079251,-0.021904576968520745,0.006815818179856915
400,30,0.15,1.5,mom,766,23.0,-0.026263541079410587,-0.6351759205760454,0.7372481904090615,0.4281984334203655,-0.10230963434831403,0.11442089058921733,-0.10230963434831403,-0.09383722840767632
400,30,0.15,1.5,rev,766,23.0,-0.05873033155544349,-1.4258639355093616,0.9228422314680402,0.40600522193211486,-0.1432207464930457,-0.1432207464930457,-0.07550886508954399,0.04605007079296776
400,30,0.15,2.0,mom,766,23.0,-0.05658445253535297,-1.2496241405676403,0.8940904723934643,0.3825065274151436,-0.1533330281005052,0.09922096383301636,-0.1533330281005052,-0.11854132821200712
400,30,0.15,2.0,rev,766,23.0,-0.042413815607348464,-0.9217261687153699,0.8215189930677653,0.3733681462140992,-0.15107068651639327,-0.15107068651639327,0.002171911959572131,0.02432057471562757
400,30,0.25,1.0,mom,766,38.3,-0.0030380501461092285,-0.09689435965506982,0.5385821667325775,0.5104438642297651,-0.06487670139140779,0.09441273642291052,-0.041092878589889276,-0.06487670139140779
400,30,0.25,1.0,rev,766,38.3,-0.040173459026836174,-1.280921226047929,0.899695241847805,0.48172323759791125,-0.14278214834438505,-0.14278214834438505,-0.008631132329317252,0.03370363126109504
400,30,0.25,1.5,mom,766,38.3,-0.016935691226740834,-0.4859483127114649,0.6864285136634529,0.46736292428198434,-0.061210297747719564,0.05937911890525663,-0.061210297747719564,-0.050483539019924056
400,30,0.25,1.5,rev,766,38.3,-0.029723780841858487,-0.8378366434718876,0.7988079308679601,0.44386422976501305,-0.16488988332080354,-0.16488988332080354,0.02074049449184332,0.058431026283283165
400,30,0.25,2.0,mom,766,38.3,-0.018297235443202574,-0.49477142221090065,0.6895482295069832,0.45300261096605743,-0.07640546187194684,0.08852208938905752,-0.07640546187194684,-0.0692267992006749
400,30,0.25,2.0,rev,766,38.3,-0.007687842297752824,-0.2005692166432302,0.5794556301225302,0.4360313315926893,-0.15832086479092386,-0.15832086479092386,0.05207033097325231,0.0869365668825791
400,30,0.4,1.0,mom,766,61.4,-0.011108026952542302,-0.44296074807329044,0.671040322801867,0.5065274151436031,-0.06642463121159396,0.06497310383945012,-0.06642463121159396,-0.03306260927474135
400,30,0.4,1.0,rev,766,61.4,-0.01589916628054857,-0.6339273185951966,0.7368411239744859,0.48433420365535246,-0.09520398629037172,-0.09520398629037172,0.035347124387089875,0.013579440443295883
400,30,0.4,1.5,mom,766,61.4,-0.0036600003560082234,-0.13488099044828106,0.5536292754653391,0.49216710182767626,-0.05821855820067916,0.09669308010177086,-0.05821855820067916,-0.05153959424594563
400,30,0.4,1.5,rev,766,61.4,0.006371105502775786,0.23067056059217844,0.40881620966394655,0.4765013054830287,-0.07943030200380287,-0.07943030200380287,0.05686918186197388,0.04334934118233562
400,30,0.4,2.0,mom,766,61.4,0.0034098333482422204,0.12062291908739478,0.452010693843958,0.4908616187989556,-0.06005636620528313,0.10804033038762619,-0.06005636620528313,-0.03974410844353553
400,30,0.4,2.0,rev,766,61.4,-0.007493694459966916,-0.26772502144080124,0.6055084228838075,0.47127937336814624,-0.09944747789401125,-0.09944747789401125,0.036210679235984845,0.04284232901826461
400,60,0.1,1.0,mom,766,15.3,-0.05542879439088253,-1.5435622118624246,0.9384460155702754,0.49738903394255873,-0.13606875420271144,-0.03593973752141657,-0.13606875420271144,0.007278421378910851
400,60,0.1,1.0,rev,766,15.3,-0.060432876713804685,-1.6847515361718775,0.9537778044584738,0.4960835509138381,-0.10121109670469271,-0.08498379228226978,0.003976625737379959,-0.10121109670469271
400,60,0.1,1.5,mom,766,15.3,-0.037108530624837786,-0.8498787241668952,0.80217079385691,0.4086161879895561,-0.08789041475797335,0.008986851527051788,-0.08789041475797335,-0.03265956964533204
400,60,0.1,1.5,rev,766,15.3,-0.025544897902492286,-0.5840941502975268,0.7203354203837572,0.4164490861618799,-0.07019751695085236,-0.035544004569570846,0.0279684226767426,-0.07019751695085236
400,60,0.1,2.0,mom,766,15.3,-0.0314560130249397,-0.630485631980865,0.7357174040652832,0.3537859007832898,-0.12137971624676691,0.0712343611946833,-0.12137971624676691,-0.045401673804430706
400,60,0.1,2.0,rev,766,15.3,-0.029476893065050604,-0.5928734141521406,0.7232794564060994,0.35900783289817234,-0.06945691444773235,-0.06697203480744472,0.04720111104759732,-0.06945691444773235
400,60,0.15,1.0,mom,766,23.0,-0.038631494152408234,-1.1064988504862334,0.8655707577169425,0.4934725848563969,-0.04409319346532946,-0.04273399503378285,-0.04409319346532946,-0.028766676345621113
400,60,0.15,1.0,rev,766,23.0,-0.03338768780250076,-0.9564719203974722,0.8304319900777235,0.5013054830287206,-0.03878015806668143,-0.03788169150200805,-0.03878015806668143,-0.023188440538233462
400,60,0.15,1.5,mom,766,23.0,-0.028878429456871815,-0.6977065856287461,0.7572136473074255,0.4216710182767624,-0.09812253974194922,0.042207258502584874,-0.09812253974194922,-0.03134025680980938
400,60,0.15,1.5,rev,766,23.0,-0.05611544317798223,-1.3636963494082628,0.9134678570668932,0.412532637075718,-0.0796959596959088,-0.07100711440641325,-0.0796959596959088,-0.016446900804899186
400,60,0.15,2.0,mom,766,23.0,-0.03917893687742468,-0.8520789398727511,0.8027815275399104,0.3772845953002611,-0.08489828777126199,0.0418876175758666,-0.08489828777126199,-0.0761643945721697
400,60,0.15,2.0,rev,766,23.0,-0.05981933126527676,-1.3200684557894453,0.9063964940843909,0.3785900783289817,-0.09373734025924352,-0.09373734025924352,-0.06626282836967107,-0.018056358924209846
400,60,0.25,1.0,mom,766,38.3,0.014361275531124,0.4583396405895862,0.323419310287548,0.5117493472584856,-0.023926795704400882,0.08585858348945144,-0.023926795704400882,-0.020349798283583666
400,60,0.25,1.0,rev,766,38.3,-0.05757278470406939,-1.8367824989042836,0.9666850931144612,0.4804177545691906,-0.13422799541092598,-0.13422799541092598,-0.02579721521480564,-0.01082327184672908
400,60,0.25,1.5,mom,766,38.3,-0.014266345960278357,-0.40546866555078326,0.6573767916507883,0.45691906005221933,-0.058290489883953155,0.03135712679094554,-0.058290489883953155,-0.016275443777008642
400,60,0.25,1.5,rev,766,38.3,-0.03239312610832096,-0.9217246029243711,0.8215185848613515,0.45430809399477806,-0.13686789120649248,-0.13686789120649248,0.01782068662807691,0.024222931040367747
400,60,0.25,2.0,mom,766,38.3,-0.012744975225732274,-0.33915660506975753,0.6327075818247843,0.4425587467362924,-0.06338246531841862,0.06307068459051346,-0.06338246531841862,-0.03923465898008131
400,60,0.25,2.0,rev,766,38.3,-0.013240102515223109,-0.3507707685243673,0.6370715507121678,0.4464751958224543,-0.1328694599923798,-0.1328694599923798,0.03904733441972409,0.05694442666198551
400,60,0.4,1.0,mom,766,61.4,-0.027388504739310718,-1.0923036422157166,0.8624782358017983,0.48172323759791125,-0.08038775873652865,0.022409463425179632,-0.08038775873652865,-0.024495966648582713
400,60,0.4,1.0,rev,766,61.4,0.00038131150621985755,0.01520782675814138,0.4939351713665048,0.5091383812010444,-0.05264034587610121,-0.05264034587610121,0.049310251912024566,0.005012797817137247
400,60,0.4,1.5,mom,766,61.4,-0.01848900198737813,-0.6795609259713221,0.7515059580776675,0.46866840731070497,-0.06537258902451604,0.05294449017591853,-0.06537258902451604,-0.044297772394375705
400,60,0.4,1.5,rev,766,61.4,0.0212001071341457,0.7700372257038359,0.22075776386019608,0.5,-0.035681712077950525,-0.035681712077950525,0.06402321268581075,0.03610751933076569
400,60,0.4,2.0,mom,766,61.4,-0.013217647529680961,-0.4646598482962397,0.6788463586720939,0.4660574412532637,-0.07510593501547257,0.0610789743282387,-0.07510593501547257,-0.026567788239091967
400,60,0.4,2.0,rev,766,61.4,0.009133786417956261,0.3284876979965143,0.37131641923650677,0.4960835509138381,-0.05248612183462377,-0.05248612183462377,0.051260248046174274,0.029666008813821046
500,10,0.1,1.0,mom,765,15.3,-0.06658699119089737,-1.8709432661969665,0.969132506991153,0.4915032679738562,-0.14539123893681388,-0.07061729887097282,0.01411682716684033,-0.14539123893681388
500,10,0.1,1.0,rev,765,15.3,-0.046646282248840744,-1.308318586710018,0.9044206324848272,0.5032679738562091,-0.1384283422966577,-0.05028222268613658,-0.1384283422966577,0.05145796601160442
500,10,0.1,1.5,mom,765,15.3,-0.0785837911592718,-1.8444223491860932,0.9672457136769804,0.40261437908496733,-0.14817299515170054,-0.14696036967258008,0.057752622282520955,-0.14817299515170054
500,10,0.1,1.5,rev,765,15.3,-0.07122966170292948,-1.6775185487647593,0.953074929493585,0.403921568627451,-0.12025706718885203,-0.09424945507997504,-0.12025706718885203,0.0029269379017099156
500,10,0.1,2.0,mom,765,15.3,-0.05585666551506804,-1.1591915160901427,0.8766298516258086,0.36209150326797385,-0.14727356507083433,-0.11328819167838877,0.09072527471480878,-0.14727356507083433
500,10,0.1,2.0,rev,765,15.3,-0.12771817218841078,-2.7427339765435117,0.9968821597402959,0.33986928104575165,-0.17358685014333752,-0.137441333290112,-0.17358685014333752,-0.07053086899379038
500,10,0.15,1.0,mom,765,23.0,-0.03541565082617394,-1.0459574338031699,0.852044254847468,0.5019607843137255,-0.07200574925997029,-0.07200574925997029,0.02372958754730747,-0.05845597429043498
500,10,0.15,1.0,rev,765,23.0,-0.03658735935369505,-1.0798620657076876,0.8597278079161407,0.4928104575163399,-0.10660393096718573,-0.008593931778102649,-0.10660393096718573,0.006500459006961986
500,10,0.15,1.5,mom,765,23.0,-0.06064763116280639,-1.5528198556920112,0.9395598494256276,0.4261437908496732,-0.13521794924568015,-0.0939383916197138,0.04531188525198179,-0.13521794924568015
500,10,0.15,1.5,rev,765,23.0,-0.06431859254868673,-1.63729486913596,0.9490096684952634,0.4143790849673203,-0.1231722370798589,-0.016305434067384654,-0.1231722370798589,-0.05336662552334548
500,10,0.15,2.0,mom,765,23.0,-0.06155209665192533,-1.445526002667297,0.9256398759536807,0.4,-0.10702326545464484,-0.10702326545464484,0.0003971752304262018,-0.07830970194257617
500,10,0.15,2.0,rev,765,23.0,-0.06585507127717527,-1.5341276384608133,0.9372938801470205,0.38562091503267976,-0.10133305302124321,-0.04271101256903437,-0.10133305302124321,-0.05326837463107491
500,10,0.25,1.0,mom,765,38.3,-0.025514435178437645,-0.8811147891450135,0.8107336033276249,0.4980392156862745,-0.060111763235744624,-0.060111763235744624,0.003490206634429404,-0.019626764406924152
500,10,0.25,1.0,rev,765,38.3,-0.017687370929483748,-0.6107913643242635,0.7292403137222938,0.48104575163398694,-0.05321481268635636,0.011751954612900867,-0.05321481268635636,-0.011546544763159645
500,10,0.25,1.5,mom,765,38.3,-0.0033431984391475177,-0.1031735227660699,0.541073835682208,0.47581699346405226,-0.04550429226752178,-0.04550429226752178,0.012203086801778127,0.024185469164063146
500,10,0.25,1.5,rev,765,38.3,-0.0014144371231848995,-0.043750365935546535,0.5174425884280436,0.4562091503267974,-0.025176876494841634,0.002157211068483421,-0.025176876494841634,0.019327409617076498
500,10,0.25,2.0,mom,765,38.3,0.008982578132379187,0.2609677953880823,0.39709383485971983,0.469281045751634,-0.043401280822653106,-0.043401280822653106,0.014665565957784333,0.057200609089456025
500,10,0.25,2.0,rev,765,38.3,-0.003015960047928415,-0.08870578255229725,0.5353305081997126,0.4470588235294118,-0.023346912188120336,-0.006543050184679892,-0.023346912188120336,0.021524215773316403
500,10,0.4,1.0,mom,765,61.4,-0.012824966977579438,-0.5592560940531605,0.7119245729830084,0.49673202614379086,-0.0267008296491554,-0.0267008296491554,-0.01105032060395838,-0.0003294131725954985
500,10,0.4,1.0,rev,765,61.4,-0.01679054092483875,-0.7322666665847147,0.7678848029049605,0.47843137254901963,-0.02780965934581114,-0.003524050740121949,-0.02780965934581114,-0.019153905058706868
500,10,0.4,1.5,mom,765,61.4,-0.018715900579292226,-0.7741256334676457,0.7804520087060998,0.48627450980392156,-0.030018340842984603,-0.026383181482233394,-0.030018340842984603,0.0008156419036188334
500,10,0.4,1.5,rev,765,61.4,-0.011243650784104236,-0.4581700277366014,0.6765197107596186,0.47058823529411764,-0.021885501137844283,0.00054416289423845,-0.021885501137844283,-0.012468852336509111
500,10,0.4,2.0,mom,765,61.4,-0.01113226064328367,-0.4423457684732565,0.6708178944200611,0.48627450980392156,-0.035009314171379015,-0.0146993249461846,-0.035009314171379015,0.017094560744192116
500,10,0.4,2.0,rev,765,61.4,-0.016630008035163995,-0.6655914136706544,0.7470634062012087,0.46797385620915033,-0.023118789994015464,-0.011210503591142102,-0.023118789994015464,-0.015552468767695275
500,30,0.1,1.0,mom,764,15.3,-0.06967528870486205,-1.955238663537436,0.9745401967056554,0.49214659685863876,-0.08607432460734496,-0.08607432460734496,-0.062228010419075,-0.06047288187489867
500,30,0.1,1.0,rev,764,15.3,-0.04354137267453349,-1.2213192122652639,0.8888287914044698,0.5026178010471204,-0.06208350471074238,-0.034805642996517866,-0.06208350471074238,-0.03346039105031081
500,30,0.1,1.5,mom,764,15.3,-0.06677521634485147,-1.5689364955717284,0.9414613347604361,0.4083769633507853,-0.13797917455709316,-0.13797917455709316,0.02513559725914487,-0.08806186368757524
500,30,0.1,1.5,rev,764,15.3,-0.08045170322588478,-1.8895212273135356,0.970399546338318,0.3992146596858639,-0.09589712855036889,-0.09589712855036889,-0.08764004216547595,-0.0571841935624154
500,30,0.1,2.0,mom,764,15.3,-0.0795753295447888,-1.6765033196013432,0.9529753594245943,0.35732984293193715,-0.14649393533613064,-0.14649393533613064,0.012122905337743049,-0.10504878825053206
500,30,0.1,2.0,rev,764,15.3,-0.10145716516151985,-2.1394064789852827,0.9836402695618649,0.34554973821989526,-0.11275564581409267,-0.09693910962235856,-0.09498448076627178,-0.11275564581409267
500,30,0.15,1.0,mom,764,23.0,-0.01186002657408567,-0.35018644178005937,0.6368522863268897,0.5143979057591623,-0.059062375287615515,-0.031144268660385728,0.0533408971401617,-0.059062375287615515
500,30,0.15,1.0,rev,764,23.0,-0.060127346282684124,-1.774247783333186,0.9617895546969136,0.4803664921465969,-0.13621524056003995,-0.04944237640885616,-0.13621524056003995,0.007106860004142515
500,30,0.15,1.5,mom,764,23.0,-0.0467441170629773,-1.1984766645805385,0.8844481934531304,0.43455497382198954,-0.10915425632418523,-0.08559762102049878,0.05281963909416278,-0.10915425632418523
500,30,0.15,1.5,rev,764,23.0,-0.07621767327394599,-1.9342603857193224,0.9732747239876202,0.40706806282722513,-0.13067999092203988,-0.018630214409028734,-0.13067999092203988,-0.07943031844484041
500,30,0.15,2.0,mom,764,23.0,-0.04938195630827224,-1.1658405003310877,0.8779783798660582,0.4109947643979058,-0.1165861898532135,-0.1165861898532135,0.02465193359448298,-0.056402843044104985
500,30,0.15,2.0,rev,764,23.0,-0.07602397319942296,-1.7586690050654012,0.9604827066646071,0.3756544502617801,-0.12558781138529998,-0.02728575726050792,-0.12558781138529998,-0.07517523352954608
500,30,0.25,1.0,mom,764,38.3,-0.02514450310144451,-0.8670831894092025,0.8069154856757907,0.5013089005235603,-0.10152092252077834,-0.10152092252077834,0.01343803113023332,0.013707610871465886
500,30,0.25,1.0,rev,764,38.3,-0.01804792061261738,-0.6226606768065475,0.7331532136093435,0.47774869109947643,-0.06316263718216028,0.05316893547923321,-0.06316263718216028,-0.04488092004154968
500,30,0.25,1.5,mom,764,38.3,-0.0018518796811027832,-0.05734461704559704,0.5228571533661404,0.4829842931937173,-0.08256871406757409,-0.08256871406757409,0.024178337606459068,0.05436596269657612
500,30,0.25,1.5,rev,764,38.3,-0.002846053892415164,-0.08752323809548737,0.534860710234949,0.4489528795811518,-0.03715212729952257,0.03924895922580247,-0.03715212729952257,-0.010853083915436471
500,30,0.25,2.0,mom,764,38.3,0.006873177052352671,0.20138412888997492,0.420225949288249,0.47643979057591623,-0.09357880685217859,-0.09357880685217859,0.04306218634529022,0.07293551495307105
500,30,0.25,2.0,rev,764,38.3,-0.0008328199978743711,-0.02422714649407761,0.5096611203831076,0.4397905759162304,-0.05174353257562623,0.043636131969395246,-0.05174353257562623,0.005789309909701388
500,30,0.4,1.0,mom,764,61.4,-0.00871520134173549,-0.3795378734826212,0.647802953494776,0.5078534031413613,-0.04249192293835198,-0.04249192293835198,-0.0023263920217604732,0.01943957247865194
500,30,0.4,1.0,rev,764,61.4,-0.0208978645266736,-0.9104316087673797,0.8185587734240851,0.46727748691099474,-0.03892289070995431,0.012271931037386273,-0.036533587928009044,-0.03892289070995431
500,30,0.4,1.5,mom,764,61.4,-0.017885037543457948,-0.7412353464187964,0.7706105885425536,0.49607329842931935,-0.05084706709457059,-0.05084706709457059,-0.016945712566273568,0.015034302758540318
500,30,0.4,1.5,rev,764,61.4,-0.012072522104595617,-0.4897984162729019,0.6877913280894888,0.4607329842931937,-0.034958129414555325,0.025030002605009014,-0.034958129414555325,-0.026687513191430597
500,30,0.4,2.0,mom,764,61.4,-0.01420345820488998,-0.5717164527223025,0.7161587669340915,0.49607329842931935,-0.048743932174902846,-0.048743932174902846,-0.019500920217824146,0.026749939985579556
500,30,0.4,2.0,rev,764,61.4,-0.013553942733758036,-0.5342780422231946,0.7033475925086672,0.4581151832460733,-0.03862718394757033,0.022855782210914832,-0.03862718394757033,-0.025207848009082715
500,60,0.1,1.0,mom,765,15.3,-0.06763979113768229,-1.8987128504192234,0.9710106176699931,0.4915032679738562,-0.09653083234639988,-0.0649442552440006,-0.09653083234639988,-0.04072159381740011
500,60,0.1,1.0,rev,765,15.3,-0.045593482302055816,-1.2800373711805992,0.8995397404780106,0.5032679738562091,-0.0559552663131088,-0.0559552663131088,-0.02778068278341751,-0.05321167910780938
500,60,0.1,1.5,mom,765,15.3,-0.07214519808566588,-1.700692017775638,0.9552961095896585,0.40522875816993464,-0.09687902203967601,-0.0810864935338425,-0.039108971571533244,-0.09687902203967601
500,60,0.1,1.5,rev,765,15.3,-0.07766825477653538,-1.8212135639669949,0.9655173153498925,0.4013071895424837,-0.16012333121871264,-0.16012333121871264,-0.023395473334797835,-0.04836703521031463
500,60,0.1,2.0,mom,765,15.3,-0.0685556517752499,-1.4410449975266078,0.9250091589973968,0.3581699346405229,-0.13931099028537894,-0.04417421617092946,-0.024203806477126964,-0.13931099028537894
500,60,0.1,2.0,rev,765,15.3,-0.11501918592822889,-2.436215872280455,0.9924653486328425,0.3437908496732026,-0.2065553087975713,-0.2065553087975713,-0.05865776895140177,-0.07849344377924576
500,60,0.15,1.0,mom,765,23.0,-0.020508213287174535,-0.6057881550138966,0.7275823210681961,0.5084967320261438,-0.0843415432470323,0.04211255482480218,-0.021277963026184427,-0.0843415432470323
500,60,0.15,1.0,rev,765,23.0,-0.05149479689269447,-1.5200056725844846,0.9355383647819905,0.48627450980392156,-0.12271223586287512,-0.12271223586287512,-0.061596380393693834,0.03238602796355931
500,60,0.15,1.5,mom,765,23.0,-0.024664463590186404,-0.6278077275688966,0.7348412481907254,0.43790849673202614,-0.12570518097677433,0.05718839903736043,-0.008547184256568134,-0.12570518097677433
500,60,0.15,1.5,rev,765,23.0,-0.1003017601213067,-2.5714854097361117,0.994842819612295,0.40261437908496733,-0.1674322247244589,-0.1674322247244589,-0.06931316757130897,-0.06287939379225133
500,60,0.15,2.0,mom,765,23.0,-0.03750885822697721,-0.879751296621278,0.8103646584634954,0.40522875816993464,-0.0920636493367514,-0.014203637509690467,-0.007835897789687067,-0.0920636493367514
500,60,0.15,2.0,rev,765,23.0,-0.08989830970212341,-2.0978968287623245,0.9818789083458089,0.3803921568627451,-0.13553064051398875,-0.13553064051398875,-0.09309998000112993,-0.03951442723689967
500,60,0.25,1.0,mom,765,38.3,0.009464217223775887,0.3270976811432055,0.37184180181816,0.5111111111111111,-0.004630320384701523,0.02493618486196113,0.0076426870738442185,-0.004630320384701523
500,60,0.25,1.0,rev,765,38.3,-0.05266602333169728,-1.8199447412597156,0.9654206992927978,0.46797385620915033,-0.07329599348480488,-0.07329599348480488,-0.057367293125771164,-0.026542988785382277
500,60,0.25,1.5,mom,765,38.3,0.02096335870783112,0.6514010068395963,0.2574917728212791,0.4849673202614379,0.013413241995768137,0.024168015171258387,0.025090704273790322,0.013413241995768137
500,60,0.25,1.5,rev,765,38.3,-0.025720994270163538,-0.7907211706760745,0.7853239501998625,0.4470588235294118,-0.06751509637029673,-0.06751509637029673,-0.038064493966853824,0.03009963678537151
500,60,0.25,2.0,mom,765,38.3,0.0367287081734735,1.0654564014985282,0.1435030201037739,0.47843137254901963,0.015114800229647157,0.015114800229647157,0.05306696272017778,0.04223853549749026
500,60,0.25,2.0,rev,765,38.3,-0.030762090089022722,-0.907321315906209,0.8177385049979619,0.43790849673202614,-0.06505913123698015,-0.06505913123698015,-0.061748308950513794,0.036486289365282164
500,60,0.4,1.0,mom,765,61.4,0.0005815204198089755,0.02536815518005772,0.4898839678881157,0.5045751633986928,-0.02404015781373024,0.02637117329738716,-0.001357432436340331,-0.02404015781373024
500,60,0.4,1.0,rev,765,61.4,-0.030197028322227166,-1.3171983743195264,0.9059164765577036,0.47058823529411764,-0.0565960536866645,-0.0565960536866645,-0.037502547513429185,0.004556839582427866
500,60,0.4,1.5,mom,765,61.4,-0.00422911139667495,-0.1743463344314678,0.5691802623200077,0.49411764705882355,-0.017915093270868567,0.018276910769199482,-0.013509493693356665,-0.017915093270868567
500,60,0.4,1.5,rev,765,61.4,-0.025730439966721506,-1.0521242228700878,0.8534623940401378,0.4627450980392157,-0.044115929357194425,-0.044115929357194425,-0.03839434828747222,0.006261882837978295
500,60,0.4,2.0,mom,765,61.4,-0.004412891027359592,-0.1772834873747701,0.5703336452017447,0.4928104575163399,-0.01772037883204232,0.018267953213827202,-0.01772037883204232,-0.01413942482105052
500,60,0.4,2.0,rev,765,61.4,-0.023349377651088066,-0.9245542481086734,0.822255129301458,0.46143790849673205,-0.0441777817511539,-0.0441777817511539,-0.040407725333352164,0.015681516797547364
