cuenta,MLL,ventaja,micros,pasan/10,cobran/10,cobro si cobra $,EV/cuenta $,tandas10 en pérdidas,ops hasta pasar
25K,intradia,"+0,05R",1,4.1,1.8,744,81,24%,13.0
25K,intradia,"+0,05R",2,2.2,0.4,1856,18,73%,5.0
25K,intradia,"+0,05R",3,1.8,0.2,2510,-7,84%,4.0
25K,intradia,"+0,05R",4,1.5,0.1,2605,-17,88%,4.0
25K,intradia,"+0,05R",5,1.3,0.1,2382,-23,90%,4.0
25K,intradia,"+0,05R",6,1.2,0.1,2352,-26,90%,4.0
25K,intradia,cero,1,3.6,1.4,642,42,32%,14.0
25K,intradia,cero,2,1.9,0.3,1629,2,74%,4.0
25K,intradia,cero,3,1.6,0.1,1913,-25,88%,4.0
25K,intradia,cero,4,1.3,0.1,2008,-33,92%,4.0
25K,intradia,cero,5,1.2,0.1,1950,-35,92%,4.0
25K,intradia,cero,6,1.1,0.1,1843,-37,93%,4.0
25K,intradia,moneda+coste,1,3.4,1.2,621,21,44%,13.0
25K,intradia,moneda+coste,2,1.9,0.3,1430,-4,72%,4.0
25K,intradia,moneda+coste,3,1.5,0.1,1866,-26,88%,4.0
25K,intradia,moneda+coste,4,1.3,0.1,1938,-34,92%,4.0
25K,intradia,moneda+coste,5,1.2,0.1,1875,-35,92%,4.0
25K,intradia,moneda+coste,6,1.1,0.1,1757,-38,93%,4.0
25K,solo cierre,"+0,05R",1,4.8,2.4,1042,199,12%,14.0
25K,solo cierre,"+0,05R",2,3.3,0.7,1657,73,49%,7.0
25K,solo cierre,"+0,05R",3,2.3,0.4,2361,42,67%,5.0
25K,solo cierre,"+0,05R",4,2.3,0.4,2392,43,67%,5.0
25K,solo cierre,"+0,05R",5,1.7,0.2,2500,-13,86%,4.0
25K,solo cierre,"+0,05R",6,1.7,0.2,2660,-10,86%,4.0
25K,solo cierre,cero,1,4.0,1.6,723,67,27%,15.0
25K,solo cierre,cero,2,2.2,0.4,1858,25,66%,5.0
25K,solo cierre,cero,3,2.1,0.4,2086,23,70%,5.0
25K,solo cierre,cero,4,1.5,0.1,2407,-16,87%,4.0
25K,solo cierre,cero,5,1.5,0.1,2414,-15,86%,4.0
25K,solo cierre,cero,6,1.5,0.1,2414,-15,86%,4.0
25K,solo cierre,moneda+coste,1,4.0,1.6,686,59,28%,15.0
25K,solo cierre,moneda+coste,2,2.2,0.4,1749,21,66%,5.0
25K,solo cierre,moneda+coste,3,2.1,0.4,2038,22,70%,5.0
25K,solo cierre,moneda+coste,4,1.5,0.1,2365,-16,87%,4.0
25K,solo cierre,moneda+coste,5,1.5,0.1,2365,-16,87%,4.0
25K,solo cierre,moneda+coste,6,1.5,0.1,2365,-16,87%,4.0
50K,intradia,"+0,05R",1,3.3,1.3,716,5,51%,46.0
50K,intradia,"+0,05R",2,3.7,1.9,1231,148,28%,17.0
50K,intradia,"+0,05R",3,3.1,0.9,2519,136,45%,7.0
50K,intradia,"+0,05R",4,2.2,0.4,3874,61,67%,5.0
50K,intradia,"+0,05R",5,2.0,0.2,4850,20,80%,4.0
50K,intradia,"+0,05R",6,1.8,0.2,5236,6,83%,4.0
50K,intradia,cero,1,2.0,0.5,545,-61,89%,47.0
50K,intradia,cero,2,3.1,1.6,928,54,42%,19.0
50K,intradia,cero,3,2.5,0.7,1847,30,62%,6.0
50K,intradia,cero,4,2.0,0.3,3305,18,74%,4.0
50K,intradia,cero,5,1.7,0.2,3777,-25,84%,4.0
50K,intradia,cero,6,1.6,0.1,3827,-40,88%,4.0
50K,intradia,moneda+coste,1,1.8,0.5,520,-66,92%,47.0
50K,intradia,moneda+coste,2,2.9,1.2,895,13,55%,18.0
50K,intradia,moneda+coste,3,2.4,0.6,1544,7,64%,6.0
50K,intradia,moneda+coste,4,2.0,0.3,2841,2,74%,4.0
50K,intradia,moneda+coste,5,1.7,0.2,3600,-28,84%,4.0
50K,intradia,moneda+coste,6,1.6,0.1,3732,-42,88%,4.0
50K,solo cierre,"+0,05R",1,3.4,1.4,773,21,46%,47.0
50K,solo cierre,"+0,05R",2,4.4,2.4,1671,311,17%,19.0
50K,solo cierre,"+0,05R",3,3.6,1.2,2545,202,37%,8.0
50K,solo cierre,"+0,05R",4,3.3,0.8,2985,153,51%,7.0
50K,solo cierre,"+0,05R",5,2.4,0.4,4650,93,67%,5.0
50K,solo cierre,"+0,05R",6,2.3,0.4,4722,94,67%,5.0
50K,solo cierre,cero,1,2.1,0.6,615,-55,83%,48.0
50K,solo cierre,cero,2,3.6,1.8,1330,144,34%,20.0
50K,solo cierre,cero,3,2.9,0.8,2016,72,57%,8.0
50K,solo cierre,cero,4,2.2,0.4,3711,61,66%,5.0
50K,solo cierre,cero,5,2.1,0.4,4076,58,69%,5.0
50K,solo cierre,cero,6,2.1,0.4,4271,65,69%,5.0
50K,solo cierre,moneda+coste,1,1.9,0.5,526,-64,91%,48.0
50K,solo cierre,moneda+coste,2,3.5,1.7,1187,109,37%,20.0
50K,solo cierre,moneda+coste,3,2.9,0.8,1823,51,59%,8.0
50K,solo cierre,moneda+coste,4,2.2,0.4,3615,57,66%,5.0
50K,solo cierre,moneda+coste,5,2.1,0.4,4010,51,70%,5.0
50K,solo cierre,moneda+coste,6,2.1,0.4,4075,54,70%,5.0
