T,L,k,ratio,modo,n,R,t,p,wr,min_anio,R2021,R2023,R2025
940,10,0.1,1.0,mom,739,-0.11493286225711444,-3.1286421216008113,0.9990873806371113,0.469553450608931,-0.22381170300446124,-0.22381170300446124,0.02283250543949627,-0.14273143816366549
940,10,0.1,1.0,rev,739,-0.09328198269013205,-2.5337470787413494,0.9942545860803788,0.4803788903924222,-0.25247113828520007,-0.008672260773385558,-0.25247113828520007,-0.018250110362835616
940,10,0.1,1.5,mom,739,-0.07975018296076805,-1.7772592631585367,0.9620313118569477,0.38971583220568334,-0.20389138427936165,-0.20389138427936165,0.08153695888079181,-0.11576048380681903
940,10,0.1,1.5,rev,739,-0.04930363356969903,-1.0922118670371774,0.8624517973485362,0.401894451962111,-0.20186385083580738,0.03515244042183356,-0.20186385083580738,0.019094287977413346
940,10,0.1,2.0,mom,739,-0.05133340352910365,-0.9852114353406862,0.8375784469593075,0.3342354533152909,-0.15209855559410268,-0.15209855559410268,0.030929671431399103,-0.030698243142918604
940,10,0.1,2.0,rev,739,-0.03103570393505762,-0.5926874597883938,0.7232140533158892,0.34100135317997293,-0.22413105731354016,0.0988974603421523,-0.22413105731354016,0.03154242075749633
940,10,0.15,1.0,mom,739,-0.034673329010381206,-0.942067036600928,0.8267667044838146,0.5006765899864682,-0.09210288832435531,-0.09210288832435531,0.05165891725656026,-0.06334239722667603
940,10,0.15,1.0,rev,739,-0.06444328841498204,-1.7508090689204152,0.9598028612186648,0.4857916102841678,-0.17506173051671908,-0.004453485933917068,-0.17506173051671908,-0.013549866106344078
940,10,0.15,1.5,mom,739,-0.03805627894272221,-0.8443630768005036,0.800629914106217,0.39918809201623817,-0.08413476083431548,-0.08413476083431548,-0.009069827682710993,-0.019773932496385576
940,10,0.15,1.5,rev,739,-0.11248117745422424,-2.5317302080106283,0.9942217287304319,0.36941813261163736,-0.251984807439796,-0.024373804659016673,-0.251984807439796,-0.061267708429995536
940,10,0.15,2.0,mom,739,-0.009366454666409632,-0.17908819170310517,0.571041195990935,0.34370771312584575,-0.0659567687881334,-0.0659567687881334,-0.023823346875438214,0.06438882010613277
940,10,0.15,2.0,rev,739,-0.09421324781958283,-1.8379451090838619,0.9667638613319056,0.31393775372124494,-0.26413055642765026,-0.00046942218889715133,-0.26413055642765026,-0.01769924369970508
940,10,0.25,1.0,mom,739,0.01078784396911923,0.2940152503165309,0.3844144603592673,0.516914749661705,-0.09145500236089768,-0.09145500236089768,0.06944238143642584,0.057158315647167
940,10,0.25,1.0,rev,739,-0.05943237464084599,-1.620193764250089,0.9471910772928613,0.4803788903924222,-0.12728973740871546,0.03511480330394221,-0.12728973740871546,-0.08835591431087948
940,10,0.25,1.5,mom,739,0.047794634964780626,1.0594315159948626,0.14487495819980384,0.4316644113667118,-0.09171373321652157,-0.09171373321652157,0.13548905534589073,0.10321404815719831
940,10,0.25,1.5,rev,739,-0.04928826686610649,-1.1097462271393799,0.8662650672021716,0.3910690121786198,-0.13491396706733058,0.019457114713115363,-0.13491396706733058,-0.03312869353283819
940,10,0.25,2.0,mom,739,0.06032883388956537,1.1604238718074777,0.12312575717865634,0.3721244925575101,-0.05888937960100015,-0.05888937960100015,0.10229152809074465,0.14148645263828177
940,10,0.25,2.0,rev,739,-0.0008162669494936833,-0.0158974432116002,0.5063397467806825,0.34776725304465494,-0.09930502758159898,0.0951048879150888,-0.09930502758159898,0.00022321025017352892
940,10,0.4,1.0,mom,739,0.031802792831957465,0.8882489628469051,0.18734812518250843,0.523680649526387,-0.02849840216999035,-0.02849840216999035,0.10488027830373281,0.019709270151295196
940,10,0.4,1.0,rev,739,-0.05882267456944568,-1.642778314055816,0.9495726113279417,0.476319350473613,-0.13597414704147456,-0.001734142559331912,-0.13597414704147456,-0.039207769316115484
940,10,0.4,1.5,mom,739,0.02128278880340268,0.4987719428448465,0.3090443412553019,0.4330175913396482,-0.002567075774176857,-0.002567075774176857,0.04201469511049628,0.0248742209657278
940,10,0.4,1.5,rev,739,-0.009735941645338891,-0.22734325101113637,0.5898900960419035,0.41542625169147496,-0.13036391836166228,0.09262687637479201,-0.13036391836166228,0.007284983358308538
940,10,0.4,2.0,mom,739,0.0533747518333257,1.1123750458366044,0.13316957162883813,0.40460081190798375,0.008557504606414369,0.06592101703164946,0.0843538774078454,0.008557504606414369
940,10,0.4,2.0,rev,739,-0.01350909497821576,-0.2847366675934317,0.6120371117510881,0.37077131258457374,-0.1156086646599859,0.08694166587008738,-0.1156086646599859,-0.013486469507372863
940,30,0.1,1.0,mom,739,-0.07975018296076804,-2.166593621372038,0.9847073978937805,0.4871447902571042,-0.18397106555426204,-0.18397106555426204,0.022832505439496272,-0.07634139666988957
940,30,0.1,1.0,rev,739,-0.12846466198647846,-3.498020659661365,0.9997515961704301,0.462787550744249,-0.25247113828520007,-0.048512898223584754,-0.25247113828520007,-0.08464015185661156
940,30,0.1,1.5,mom,739,-0.039154783772676026,-0.8663145779949454,0.8067003864401694,0.4059539918809202,-0.15409058746661264,-0.15409058746661264,0.09165841637067035,-0.05351981990640409
940,30,0.1,1.5,rev,739,-0.08989903275779106,-2.006503116506107,0.9774165214487801,0.38565629228687415,-0.21198530832568593,-0.014648356390915442,-0.21198530832568593,-0.04314637592300159
940,30,0.1,2.0,mom,739,0.0014406154154159884,0.027309398183880167,0.4891101719234035,0.35182679296346414,-0.1162419818889234,-0.1162419818889234,0.09165841637067035,0.03154242075749633
940,30,0.1,2.0,rev,739,-0.08380972287957725,-1.6221163862962202,0.9473972374053182,0.3234100135317997,-0.2848598022528114,0.063040886636973,-0.2848598022528114,-0.030698243142918604
940,30,0.15,1.0,mom,739,0.0005093502859652041,0.013845506310224678,0.4944784895958099,0.5182679296346414,-0.05226225087415612,-0.05226225087415612,0.06785324924036593,-0.013549866106344082
940,30,0.15,1.0,rev,739,-0.09962596771132844,-2.711575993937031,0.9965738980876557,0.46820027063599456,-0.19125606250052474,-0.04429412338411628,-0.19125606250052474,-0.06334239722667603
940,30,0.15,1.5,mom,739,-0.0008438296869712037,-0.01861467655321799,0.507423237012842,0.4140730717185386,-0.05425428274666608,-0.05425428274666608,0.05165891725656026,0.0009729554704194039
940,30,0.15,1.5,rev,739,-0.14969362670997527,-3.399409955467539,0.9996441979265928,0.35453315290933696,-0.3127135523790673,-0.05425428274666608,-0.3127135523790673,-0.08201459639680052
940,30,0.15,2.0,mom,739,0.033173902568243006,0.6278699589834551,0.2651416812707688,0.3572395128552097,-0.048278187129136195,-0.048278187129136195,0.061196896039541544,0.08928508566629874
940,30,0.15,2.0,rev,739,-0.13675360505423548,-2.7045839709574895,0.9965016888972676,0.3004059539918809,-0.34915079934263005,-0.01814800384789435,-0.34915079934263005,-0.04259550925987105
940,30,0.25,1.0,mom,739,0.035145083481974426,0.9589482801779129,0.16894942510089406,0.5290933694181326,-0.075518747380818,-0.075518747380818,0.12612254337974568,0.05715831564716701
940,30,0.25,1.0,rev,739,-0.0837896141537012,-2.2868993465216123,0.9887580011289088,0.46820027063599456,-0.18396989935203528,0.019178548323862527,-0.18396989935203528,-0.08835591431087948
940,30,0.25,1.5,mom,739,0.06289936351396193,1.390857681368666,0.08234389651253052,0.4370771312584574,-0.09704283920120294,-0.09704283920120294,0.18609634279528345,0.10321404815719831
940,30,0.25,1.5,rev,739,-0.06439299541528777,-1.455203481978867,0.9269809253081253,0.38565629228687415,-0.1855212545167233,0.024786220697796724,-0.1855212545167233,-0.03312869353283819
940,30,0.25,2.0,mom,739,0.09786758405177488,1.8637236388044727,0.03137872498417381,0.38294993234100133,-0.06947336111400473,-0.06947336111400473,0.1630202730300159,0.20537738927577964
940,30,0.25,2.0,rev,739,-0.038355017111703193,-0.7563350971266465,0.7751551645331467,0.33694181326116374,-0.16003377252087025,0.10568886942809337,-0.16003377252087025,-0.06366772638732432
940,30,0.4,1.0,mom,739,0.041970681853227484,1.1727628601003435,0.12063465696176372,0.5277401894451962,-0.06571730289378581,-0.06571730289378581,0.14073458627292798,0.05290429089818315
940,30,0.4,1.0,rev,739,-0.0689905635907157,-1.9279680900731595,0.9728787619281042,0.4722598105548038,-0.1718284550106697,0.03548475816446356,-0.1718284550106697,-0.07240279006300346
940,30,0.4,1.5,mom,739,0.058170921567022395,1.352367569580497,0.08833599659097227,0.44519621109607577,0.0011180463642144307,0.0011180463642144307,0.07870581378947906,0.09654500163738758
940,30,0.4,1.5,rev,739,-0.046624074408958584,-1.0996350281740799,0.8640751266210942,0.40324763193504737,-0.1670550370406451,0.08894175423640073,-0.1670550370406451,-0.06438579731335124
940,30,0.4,2.0,mom,739,0.10417976793625021,2.143762052940898,0.016189054962811616,0.41948579161028415,0.06566261147870636,0.06566261147870636,0.13025310231464673,0.1175726836183231
940,30,0.4,2.0,rev,739,-0.06431411108114027,-1.378898252752922,0.9158280516002996,0.35588633288227334,-0.16150788956678724,0.08720007142303049,-0.16150788956678724,-0.12250164851928161
940,60,0.1,1.0,mom,739,-0.10140106252775044,-2.7588741133189063,0.9970281288977033,0.476319350473613,-0.1600666830841425,-0.1600666830841425,0.014735339447593435,-0.15932894853710947
940,60,0.1,1.0,rev,739,-0.10681378241949606,-2.9024623185194534,0.9980936169658319,0.4736129905277402,-0.24437397229329727,-0.07241728069370428,-0.24437397229329727,-0.0016525999893916346
940,60,0.1,1.5,mom,739,-0.06960133316374503,-1.5485364983206367,0.939039059953626,0.39377537212449254,-0.13650737177362401,-0.13417026874151305,0.061294043901034725,-0.13650737177362401
940,60,0.1,1.5,rev,739,-0.05945248336672205,-1.319007714871117,0.9062121759405501,0.39783491204330174,-0.1816209358560503,-0.034568675116015045,-0.1816209358560503,0.03984117594421832
940,60,0.1,2.0,mom,739,-0.022916624097439206,-0.4369484315951977,0.6688617173317617,0.34370771312584575,-0.08038540818374412,-0.08038540818374412,0.0552211694071076,-0.04314637592300159
940,60,0.1,2.0,rev,739,-0.05945248336672204,-1.1429920612639695,0.8732937321766606,0.33152909336941816,-0.24842255528924867,0.02718431293179372,-0.24842255528924867,0.043990553537579316
940,60,0.15,1.0,mom,739,-0.023847889226890007,-0.6480573439546857,0.741425286360355,0.5060893098782138,-0.06334239722667603,-0.05226225087415612,0.043561751264657424,-0.06334239722667603
940,60,0.15,1.0,rev,739,-0.07526872819847324,-2.0454524413116366,0.9794178257512571,0.4803788903924222,-0.16696456452481626,-0.04429412338411628,-0.16696456452481626,-0.01354986610634408
940,60,0.15,1.5,mom,739,-0.02790742914569922,-0.6182863084647577,0.7317113054020241,0.40324763193504737,-0.06421444210921588,-0.06421444210921588,0.031416002276803176,-0.05089426444659304
940,60,0.15,1.5,rev,739,-0.12263002725124725,-2.765952364927366,0.9970912151367823,0.36535859269282817,-0.2924706373993102,-0.04429412338411628,-0.2924706373993102,-0.030147376479788063
940,60,0.15,2.0,mom,739,0.00475712313657859,0.09061545628198939,0.46391136898138197,0.34776725304465494,-0.048278187129136195,-0.048278187129136195,0.0490511470516873,0.014596288985800824
940,60,0.15,2.0,rev,739,-0.10833682562257106,-2.123373703478987,0.9829726560033418,0.30987821380243574,-0.3370050503547758,-0.01814800384789435,-0.3370050503547758,0.03209328742062687
940,60,0.25,1.0,mom,739,0.028165117910943945,0.7683437265475183,0.22126439511979398,0.5250338294993234,-0.06755061989077817,-0.06755061989077817,0.13005317823905482,0.023427770554881124
940,60,0.25,1.0,rev,739,-0.07680964858267068,-2.095158702341448,0.9817514226665212,0.4722598105548038,-0.18790053421134445,0.011210420833822687,-0.18790053421134445,-0.05462536921859361
940,60,0.25,1.5,mom,739,0.06400098644494982,1.417272036023304,0.07841271558946804,0.4370771312584574,-0.06727274397016075,-0.06727274397016075,0.1697840626748355,0.09230507982839792
940,60,0.25,1.5,rev,739,-0.0654946183462757,-1.4780084364385533,0.930083921060883,0.38565629228687415,-0.16920897439627536,-0.004983874533245454,-0.16920897439627536,-0.022219725204037793
940,60,0.25,2.0,mom,739,0.0825756208314166,1.5825103645572098,0.05698076899197778,0.37889039242219213,-0.06663569226379978,-0.06663569226379978,0.13575822794185827,0.18347161929872036
940,60,0.25,2.0,rev,739,-0.023063053891344925,-0.45131428160763665,0.6740521803030872,0.34100135317997293,-0.13277172743271262,0.10285120057788844,-0.13277172743271262,-0.04176195641026507
940,60,0.4,1.0,mom,739,0.04808429586430177,1.3442702868107335,0.08963703029617674,0.5290933694181326,-0.017941078382616084,-0.017941078382616084,0.11080256909238485,0.052569588182309474
940,60,0.4,1.0,rev,739,-0.07510417760178997,-2.0993464313705092,0.981937276683834,0.4709066305818674,-0.14189643783012662,-0.012291466346706172,-0.14189643783012662,-0.07206808734712976
940,60,0.4,1.5,mom,739,0.04737679473543798,1.104858510885765,0.1347904886863454,0.44113667117726657,0.02938317765808682,0.02938317765808682,0.041341838767937684,0.07230223876194307
940,60,0.4,1.5,rev,739,-0.035829947577374184,-0.84172805174693,0.7998935701046925,0.40730717185385656,-0.12969106201910371,0.06067662294252833,-0.12969106201910371,-0.04014303443790673
940,60,0.4,2.0,mom,739,0.06603741615241895,1.3730685991607399,0.08507402803257652,0.4059539918809202,0.0560799693208705,0.0560799693208705,0.07444011759223612,0.06779613772538087
940,60,0.4,2.0,rev,739,-0.026171759297309017,-0.553294144240544,0.7098852100629729,0.36941813261163736,-0.10569490484437662,0.09678271358086635,-0.10569490484437662,-0.07272510262633937
1000,10,0.1,1.0,mom,739,-0.05270289609712167,-1.4318328770749014,0.9236924882190163,0.5006765899864682,-0.13472915234002972,0.023212539246951103,-0.13472915234002972,-0.04733732411012612
1000,10,0.1,1.0,rev,739,-0.2232035726871081,-6.147154223985342,0.9999999993545649,0.41542625169147496,-0.319416942824762,-0.319416942824762,-0.1589227007271265,-0.18900399077679278
1000,10,0.1,1.5,mom,739,-0.01549044684137066,-0.34167585635447434,0.6336539453223884,0.41542625169147496,-0.08432592653357811,0.09492568665730966,-0.08432592653357811,-0.059837324110126114
1000,10,0.1,1.5,rev,739,-0.1914038433231027,-4.3724108013388765,0.9999929730075738,0.34506089309878213,-0.2636400503944831,-0.2636400503944831,-0.15489044266261037,-0.15358732411012613
1000,10,0.1,2.0,mom,739,0.03796016208961719,0.7145339877686339,0.2375614966157256,0.36400541271989173,-0.033922700727126505,0.14671851534256863,-0.033922700727126505,-0.0015039907767927824
1000,10,0.1,2.0,rev,739,-0.1609572939320337,-3.185726511415145,0.9992476637798499,0.2976995940460081,-0.2477037954144035,-0.2477037954144035,-0.14279366846906197,-0.08900399077679279
1000,10,0.15,1.0,mom,739,0.010309802881119774,0.28066093794213,0.38952456576876665,0.523680649526387,-0.04579194743593356,0.07523598233993287,-0.0011097574739983198,-0.04579194743593356
1000,10,0.15,1.0,rev,739,-0.15816264945896896,-4.3303012830528695,0.9999915258405154,0.43843031123139375,-0.24348911726166075,-0.24348911726166075,-0.10594846715141767,-0.12288004026645681
1000,10,0.15,1.5,mom,739,0.042052867106725955,0.9248236796978132,0.17767996326774624,0.4330175913396482,-0.02608485934777675,0.10204244975652786,0.047277339300195224,-0.02608485934777675
1000,10,0.15,1.5,rev,739,-0.13177563998670916,-2.9807814032449262,0.998515175020932,0.36129905277401897,-0.24348911726166075,-0.24348911726166075,-0.09385169295786928,-0.05413004026645681
1000,10,0.15,2.0,mom,739,0.0493021002633506,0.9331214273591044,0.17553122850283254,0.36535859269282817,-0.03513235083609242,0.08422803246545758,0.09566443607438878,-0.03513235083609242
1000,10,0.15,2.0,rev,739,-0.10578440926764665,-2.0758644945970466,0.9808739022336234,0.3112313937753721,-0.24938153203043306,-0.24938153203043306,-0.05277703324678443,-0.01038004026645681
1000,10,0.25,1.0,mom,739,0.07179992200880597,1.9700585958383179,0.024602574843515797,0.550744248985115,0.024810955382503937,0.1564567529276399,0.031592210031730045,0.024810955382503937
1000,10,0.25,1.0,rev,739,-0.12857658259421645,-3.531783021543656,0.999780788779362,0.44248985115020295,-0.2048189924464137,-0.2048189924464137,-0.08131101577472158,-0.09768081467060483
1000,10,0.25,1.5,mom,739,0.03413315379662123,0.7620518196957164,0.22313627261164684,0.4316644113667118,-0.029317011827815802,0.07372420854060917,-0.029317011827815802,0.05829268018878543
1000,10,0.25,1.5,rev,739,-0.129062980862248,-2.9676523609697427,0.9984510575234945,0.3572395128552097,-0.1830195765688435,-0.1830195765688435,-0.119774329709081,-0.08223164737737276
1000,10,0.25,2.0,mom,739,0.051627750317070335,1.007519669457634,0.15700766380421752,0.37483085250338294,0.0020692385576277445,0.09873209471766622,0.0020692385576277445,0.053574918949537795
1000,10,0.25,2.0,rev,739,-0.12419937282322062,-2.52381541472759,0.9940911666929908,0.3071718538565629,-0.19500673802141275,-0.19500673802141275,-0.09892528131690075,-0.07626323127664195
1000,10,0.4,1.0,mom,739,0.012202469741017302,0.34437138714086457,0.3653325544029894,0.516914749661705,0.009236574265381641,0.009236574265381641,0.010713960591819633,0.016842428213457203
1000,10,0.4,1.0,rev,739,-0.04193686772191914,-1.1835627730291642,0.8815163610021541,0.4817320703653586,-0.04467775693518692,-0.039462973964615254,-0.041788214181189345,-0.04467775693518692
1000,10,0.4,1.5,mom,739,0.005923074921922995,0.1412511748358043,0.44385503321014286,0.4330175913396482,-0.05152506563398675,0.04073843892774788,0.026281532050779002,-0.05152506563398675
1000,10,0.4,1.5,rev,739,-0.04316164872785822,-1.037974108095898,0.8501889662282236,0.401894451962111,-0.06413281169665017,-0.01734709129842884,-0.04899380518865139,-0.06413281169665017
1000,10,0.4,2.0,mom,739,0.002996003270751509,0.06499614110833468,0.47409733712847957,0.40054127198917455,-0.04542334326778561,0.031163145700200973,0.02134556141372368,-0.04542334326778561
1000,10,0.4,2.0,rev,739,-0.04198982939533836,-0.9188264600635637,0.8207567245468426,0.3680649526387009,-0.07684261388732569,0.000979614694243239,-0.05175056402601586,-0.07684261388732569
1000,30,0.1,1.0,mom,740,-0.094573653944958,-2.5724773968835013,0.9948542579257176,0.4797297297297297,-0.15085818459809425,-0.02459622569328794,-0.15085818459809425,-0.10953535887936208
1000,30,0.1,1.0,rev,740,-0.18106014043144447,-4.959650471754461,0.9999995616005791,0.43648648648648647,-0.27160817788452296,-0.27160817788452296,-0.142793668469062,-0.1261328692528061
1000,30,0.1,1.5,mom,740,-0.07768176205306611,-1.7307832842090298,0.9580460786772464,0.39054054054054055,-0.175051732985191,0.0052842523943614625,-0.175051732985191,-0.06389220535239114
1000,30,0.1,1.5,rev,740,-0.12835743772874178,-2.8906249566674407,0.9980212499892395,0.37027027027027026,-0.17399861613153494,-0.17399861613153494,-0.06416463621099747,-0.14687975721961105
1000,30,0.1,2.0,mom,740,-0.020249329620633666,-0.3859486025850148,0.6501770922993857,0.34459459459459457,-0.1306968942755136,0.05110098546209055,-0.1306968942755136,0.019095346514828783
1000,30,0.1,2.0,rev,740,-0.10133041070171475,-1.9723852646865834,0.9755309679122625,0.31756756756756754,-0.1520862655339254,-0.1520862655339254,-0.04601947492067489,-0.1053859812860011
1000,30,0.15,1.0,mom,740,-0.06406184433313036,-1.7426187286330015,0.9590918985166912,0.4864864864864865,-0.12207749940948219,-0.044285930010664734,-0.12207749940948219,-0.024957578922357063
1000,30,0.15,1.0,rev,740,-0.08365798254843523,-2.2791317320869027,0.9885282095115353,0.4756756756756757,-0.14321958008138436,-0.12396720491106314,0.015019274784066197,-0.14321958008138436
1000,30,0.15,1.5,mom,740,-0.026956270734856094,-0.5984987034537396,0.7251546921239088,0.40540540540540543,-0.09385169295786928,-0.027439621956619552,-0.09385169295786928,0.04238557933970782
1000,30,0.15,1.5,rev,740,-0.062036360926813604,-1.3843655204876724,0.9166677833645485,0.3891891891891892,-0.12039800331789889,-0.11400704554851333,0.047277339300195224,-0.12039800331789889
1000,30,0.15,2.0,mom,740,-0.017321660602084888,-0.33293974903676554,0.6303629034587491,0.34324324324324323,-0.0648738074403328,-0.021007375553841096,-0.0648738074403328,0.03545031810653039
1000,30,0.15,2.0,rev,740,-0.037799751053999936,-0.7285013842495575,0.76673124814824,0.33378378378378376,-0.14414612401113436,-0.14414612401113436,0.10776121026793717,-0.07682953858760844
1000,30,0.25,1.0,mom,740,-0.0008881436396120064,-0.02427610861946881,0.5096805382456442,0.5121621621621621,-0.049052951258592534,0.014301991570426765,-0.049052951258592534,0.03285521051718236
1000,30,0.25,1.0,rev,740,-0.05585186059743546,-1.527611512591619,0.9364815503354386,0.4810810810810811,-0.10554573828457245,-0.06266423108920054,-0.0006658544843989965,-0.10554573828457245
1000,30,0.25,1.5,mom,740,-0.02934622462458969,-0.6608883287086431,0.7455550500043475,0.40405405405405403,-0.12322060309793907,-0.04228159451568968,-0.12322060309793907,0.0807269027781354
1000,30,0.25,1.5,rev,740,-0.06481971208391703,-1.4722250154745673,0.9293070705475608,0.38513513513513514,-0.10261488239663231,-0.06701377351254464,-0.025870738438957725,-0.10261488239663231
1000,30,0.25,2.0,mom,740,-0.008563232895686819,-0.1691039052977576,0.5671194057425875,0.35405405405405405,-0.07847625347863553,-0.014084171008541016,-0.07847625347863553,0.06913047901675168
1000,30,0.25,2.0,rev,740,-0.062599037367613,-1.252556807069203,0.8946183668190619,0.32837837837837835,-0.08769830441634417,-0.08219047229520551,-0.018379789280637483,-0.08769830441634417
1000,30,0.4,1.0,mom,740,0.0076118126564629985,0.21489703795520915,0.4149534412846299,0.5135135135135135,-0.03169220269280862,-0.03169220269280862,-0.029466594475322974,0.08670207332596547
1000,30,0.4,1.0,rev,740,-0.03733107206137442,-1.0542364774107504,0.8539403923468615,0.4851351351351351,-0.11449879840880002,0.0014658029935750037,-0.0016076591140467287,-0.11449879840880002
1000,30,0.4,1.5,mom,740,0.022302748557483053,0.5322749596179731,0.2973477807949243,0.4391891891891892,0.014919379877814798,0.02779071963232918,0.023923357880118803,0.014919379877814798
1000,30,0.4,1.5,rev,740,-0.05963370786150468,-1.4367214435325837,0.9243898141427439,0.39594594594594595,-0.13053553922114566,-0.004399372003010137,-0.04663563101799119,-0.13053553922114566
1000,30,0.4,2.0,mom,740,0.016293153718990854,0.35464773334169425,0.3614773453756658,0.4027027027027027,0.0035751499423465776,0.01528925162744394,0.0035751499423465776,0.03042611787494962
1000,30,0.4,2.0,rev,740,-0.05537699337907135,-1.2106176284850558,0.8867854873771313,0.3662162162162162,-0.15262293762439605,0.016853508767000272,-0.033980152554638765,-0.15262293762439605
1000,60,0.1,1.0,mom,740,-0.06754662691793095,-1.836132148128644,0.9666301589742013,0.49324324324324326,-0.10247108782390069,-0.0006918432231684184,-0.10247108782390069,-0.10123660369264009
1000,60,0.1,1.0,rev,740,-0.2080871674584715,-5.721604587388707,0.9999999923341097,0.422972972972973,-0.2955125603546425,-0.2955125603546425,-0.19118076524325553,-0.13443162443952808
1000,60,0.1,1.5,mom,740,-0.04389797826928232,-0.9726416450841329,0.8344751572635273,0.40405405405405403,-0.11456786201744908,0.05508504920711047,-0.11456786201744908,-0.07426564933579363
1000,60,0.1,1.5,rev,740,-0.16214122151252555,-3.6797787258406234,0.9998748000753919,0.3567567567567568,-0.22379941294428396,-0.22379941294428396,-0.1246485071787394,-0.13650631323620857
1000,60,0.1,2.0,mom,740,0.01623715686585282,0.3070945877094181,0.3794289458861048,0.3567567567567568,-0.08230979750132005,0.1228141328724491,-0.08230979750132005,0.006647213734745795
1000,60,0.1,2.0,rev,740,-0.13781689718820123,-2.7107190467798485,0.9965652269237678,0.3054054054054054,-0.22379941294428396,-0.22379941294428396,-0.09440657169486844,-0.09293784850591812
1000,60,0.15,1.0,mom,740,-0.04514292541421147,-1.227719974473923,0.8900284919464684,0.49594594594594593,-0.10594846715141767,0.011490962419614148,-0.10594846715141767,-0.04155508929580104
1000,60,0.15,1.0,rev,740,-0.10257690146735414,-2.7971995851784976,0.9973555891917104,0.46621621621621623,-0.17974409734134203,-0.17974409734134203,-0.001109757473998317,-0.12662206970794038
1000,60,0.15,1.5,mom,740,-0.016821135599720954,-0.3729528200277735,0.6453547478291236,0.40945945945945944,-0.07369040263528864,0.022361174856129453,-0.07369040263528864,0.0008918034060978556
1000,60,0.15,1.5,rev,740,-0.07217149606194873,-1.6133084074272737,0.9464477857441116,0.38513513513513514,-0.16380784236126236,-0.16380784236126236,0.02711604897761458,-0.07890422738428893
1000,60,0.15,2.0,mom,740,0.007002663722239431,0.13385627324318775,0.44677633578008696,0.35135135135135137,-0.02858348485968765,0.02680138938639795,-0.02858348485968765,0.023002185326447395
1000,60,0.15,2.0,rev,740,-0.06212407537832424,-1.2047105788099137,0.8856496423614062,0.3256756756756757,-0.19195488895137341,-0.19195488895137341,0.071470887687292,-0.06438140580752544
1000,60,0.25,1.0,mom,740,0.005555370891954766,0.15189875408411424,0.4396541246444627,0.5162162162162162,-0.040988435129560276,0.04923506230094232,-0.040988435129560276,0.007958944957016396
1000,60,0.25,1.0,rev,740,-0.062295375129002226,-1.703960836539039,0.9555956068264844,0.47702702702702704,-0.0975973018197161,-0.0975973018197161,-0.00873037061343126,-0.08064947272440648
1000,60,0.25,1.5,mom,740,-0.025656007367702988,-0.5781100981873644,0.7183170469527683,0.40675675675675677,-0.10305931277535843,-0.03140206953522694,-0.10305931277535843,0.059980014811330425
1000,60,0.25,1.5,rev,740,-0.06850992934080372,-1.555302309817002,0.9398488911002625,0.3824324324324324,-0.08186799442982733,-0.07789329849300738,-0.04603202876153837,-0.08186799442982733
1000,60,0.25,2.0,mom,740,0.019070805987004065,0.3744492324068915,0.35408877020910856,0.36486486486486486,-0.04218593089799036,0.019577935657559564,-0.04218593089799036,0.08157861179683466
1000,60,0.25,2.0,rev,740,-0.0902330762503039,-1.8185369080803686,0.9653066157510042,0.31756756756756754,-0.11585257896130609,-0.11585257896130609,-0.05467011186128265,-0.10014643719642717
1000,60,0.4,1.0,mom,740,0.0024110412386199264,0.06806118136600962,0.4728776709113348,0.5121621621621621,-0.0459020612913323,-0.0459020612913323,-0.03158218786979915,0.0877094211303458
1000,60,0.4,1.0,rev,740,-0.03213030064353134,-0.9072626404314552,0.8177181676561884,0.4864864864864865,-0.11550614621318037,0.01567566159209868,0.000507934280429446,-0.11550614621318037
1000,60,0.4,1.5,mom,740,0.02500628553397459,0.5974261770667373,0.27520294441960264,0.44324324324324327,0.01940769734326336,0.01940769734326336,0.02020144962292704,0.03578157574894685
1000,60,0.4,1.5,rev,740,-0.06233724483799623,-1.5005176795512922,0.9330462700496707,0.3918918918918919,-0.1513977350922777,0.003983650286055679,-0.042913722760799425,-0.1513977350922777
1000,60,0.4,2.0,mom,740,0.031786462786674956,0.6890109244063276,0.2455163269529891,0.41081081081081083,0.011275579452251936,0.027850159924938753,0.011275579452251936,0.05699273284988119
1000,60,0.4,2.0,rev,740,-0.07087030244675545,-1.557270448040531,0.9400827919278052,0.3581081081081081,-0.17918955259932762,0.004292600469505458,-0.04168058206454412,-0.17918955259932762
1030,10,0.1,1.0,mom,740,-0.10268282101754976,-2.7935977637984393,0.9973262756890776,0.4756756756756757,-0.1281871041302256,-0.1281871041302256,-0.10247204073042195,-0.07633717143218068
1030,10,0.1,1.0,rev,740,-0.07565579399052273,-2.057672602770854,0.9800140780073562,0.4891891891891892,-0.10953219217906865,-0.04053770173978737,-0.07827849234332519,-0.10953219217906865
1030,10,0.1,1.5,mom,740,-0.12498011831484705,-2.8117075112685623,0.9974707395238768,0.3716216216216216,-0.1839639965605045,-0.1839639965605045,-0.10448816976268001,-0.08463592661890267
1030,10,0.1,1.5,rev,740,-0.0844395777743065,-1.8850424166025357,0.9700918841790653,0.3878378378378378,-0.12612970255251263,-0.0744022435724567,-0.054084943956228405,-0.12612970255251263
1030,10,0.1,2.0,mom,740,-0.12327751669886718,-2.4168467672658704,0.9920515936287292,0.3108108108108108,-0.16276994396677075,-0.16276994396677075,-0.15489139556913162,-0.0496142751882059
1030,10,0.1,2.0,rev,740,-0.06079092912565785,-1.170904643139466,0.8789927372434879,0.3310810810810811,-0.1302790801458736,-0.1042827216601061,0.05075376572119095,-0.1302790801458736
1030,10,0.15,1.0,mom,740,-0.04334893810183844,-1.1789096364591471,0.8805932067735829,0.49594594594594593,-0.060225665701690925,-0.060225665701690925,-0.0575620056482383,-0.011146036113995523
1030,10,0.15,1.0,rev,740,-0.0422101385702099,-1.148232788218003,0.8743779901921338,0.4972972972972973,-0.06574059356874608,-0.036321283231571404,-0.02530394113210927,-0.06574059356874608
1030,10,0.15,1.5,mom,740,-0.04288954603352754,-0.9545537669547874,0.8299422317297693,0.3972972972972973,-0.0636103927450125,-0.0620325522859481,-0.0636103927450125,-0.001629527138067671
1030,10,0.15,1.5,rev,740,0.00852854171274787,0.1882918426468648,0.42534978582912364,0.4189189189189189,-0.05424957008416104,-0.05424957008416104,0.1279218653195036,-0.0489496250650583
1030,10,0.15,2.0,mom,740,0.00033132478048834195,0.006356503152884126,0.49746499696054186,0.35,-0.025303941132109275,0.008909876585684538,-0.025303941132109275,0.01777667516729315
1030,10,0.15,2.0,rev,740,0.04610173027505481,0.8746767234260481,0.19101699955994,0.36486486486486486,-0.0649824300155357,0.022728335137869822,0.17770658837773926,-0.0649824300155357
1030,10,0.25,1.0,mom,740,-0.05340950156181929,-1.4663180516207501,0.9285064815588067,0.4810810810810811,-0.12617032701096395,-0.019022287502264687,-0.12617032701096395,-0.014349360555845557
1030,10,0.25,1.0,rev,740,0.004776758261292998,0.13112424925545266,0.4478563529952932,0.5162162162162162,-0.03344236829114381,-0.02934412886964489,0.07645075894275541,-0.03344236829114381
1030,10,0.25,1.5,mom,740,-0.026686837308564887,-0.6083426807015642,0.7284264280316297,0.40405405405405403,-0.05232346133096176,0.014671502432922274,-0.05232346133096176,-0.043380034476858904
1030,10,0.25,1.5,rev,740,-0.021651694794160202,-0.4931010389977514,0.6889561571004805,0.41216216216216217,-0.08434288736714489,-0.07000025604508726,0.08820341119000107,-0.08434288736714489
1030,10,0.25,2.0,mom,740,0.025385102181959336,0.5017444145971215,0.3079983807219173,0.36486486486486486,-0.02454327920505086,0.08501341111239646,0.013554595620385692,-0.02454327920505086
1030,10,0.25,2.0,rev,740,-0.01142660776181922,-0.2300440251352802,0.5909393895325054,0.3621621621621622,-0.06695851359075905,-0.03161188886585968,0.06296732313289305,-0.06695851359075905
1030,10,0.4,1.0,mom,740,0.005990541762030279,0.17261407215810085,0.43150102628327397,0.5054054054054054,-0.03337628634937022,0.022484219584474337,-0.03337628634937022,0.02932274192051108
1030,10,0.4,1.0,rev,740,-0.03571033064918354,-1.028987502552879,0.8480888950048913,0.4918918918918919,-0.057117883653198934,-0.052713229816917825,0.0023015563067398845,-0.057117883653198934
1030,10,0.4,1.5,mom,740,0.07816489296175197,1.8873555284101986,0.029752082997262307,0.4581081081081081,0.011136607183807436,0.11572084568219641,0.011136607183807436,0.10802576740199546
1030,10,0.4,1.5,rev,740,-0.03437063790473861,-0.8473992963880637,0.8014765255743332,0.422972972972973,-0.05065256263908906,-0.05065256263908906,-0.042983812407370516,-0.008549764938038718
1030,10,0.4,2.0,mom,740,0.06344836845737675,1.4043567412968512,0.0803163914897383,0.42027027027027025,-0.005415739413865546,0.10376190520155845,-0.005415739413865546,0.09232638102699706
1030,10,0.4,2.0,rev,740,-0.03156968466486685,-0.7153759217451233,0.7626986316366859,0.39864864864864863,-0.03736829655331077,-0.02859190361377798,-0.03736829655331077,-0.028703988795527505
1030,30,0.1,1.0,mom,740,-0.05673687507160381,-1.5427963334018036,0.93834585850859,0.49864864864864866,-0.10123343699234666,-0.00866519177962801,-0.062149460085260656,-0.10123343699234666
1030,30,0.1,1.0,rev,740,-0.12160173993646867,-3.3118865935621034,0.9995141250312971,0.46621621621621623,-0.16005961409038497,-0.16005961409038497,-0.11860107298848648,-0.08463592661890267
1030,30,0.1,1.5,mom,740,-0.06754768588241462,-1.5033208769297313,0.933408236957931,0.3945945945945946,-0.10538281458570765,-0.0644420842099069,-0.033923653633647764,-0.10538281458570765
1030,30,0.1,1.5,rev,740,-0.14187201020673895,-3.203904508691774,0.9992930120737861,0.36486486486486486,-0.1939241559230543,-0.1939241559230543,-0.12464946008526066,-0.10538281458570765
1030,30,0.1,2.0,mom,740,-0.06079092912565786,-1.170780913397827,0.8789678813531301,0.3310810810810811,-0.08048654902554167,-0.06842614795492682,-0.033923653633647764,-0.08048654902554167
1030,30,0.1,2.0,rev,740,-0.12327751669886722,-2.4171114385688353,0.9920573244867761,0.3108108108108108,-0.19862651767195003,-0.19862651767195003,-0.07021397621429291,-0.09940680630853786
1030,30,0.15,1.0,mom,740,-0.04605164080454113,-1.2530340415351469,0.8947051796362033,0.4945945945945946,-0.08583483279449344,-0.044289410721611244,-0.009174908874044757,-0.08583483279449344
1030,30,0.15,1.0,rev,740,-0.0395074358675072,-1.0741895367127505,0.8584558250889991,0.49864864864864866,-0.07369103790630281,-0.052257538211651085,-0.07369103790630281,0.008948203111751851
1030,30,0.15,1.5,mom,740,-0.025105694858595186,-0.5565539099882346,0.7109996292345397,0.40405405405405403,-0.08413004817181045,-0.08413004817181045,0.04727670402918105,-0.038116990470842
1030,30,0.15,1.5,rev,740,-0.009255309462184468,-0.20505717694261558,0.5812080400344137,0.41216216216216217,-0.0321520741982987,-0.0321520741982987,0.01703476854531008,-0.01246216173228397
1030,30,0.15,2.0,mom,740,0.007811456617062229,0.14930998714793436,0.44067488578420133,0.35135135135135137,-0.04818305416595251,-0.03717939700643947,0.10776057499692297,-0.04818305416595251
1030,30,0.15,2.0,rev,740,0.038621598438480925,0.7353316900649275,0.2311854052829227,0.3635135135135135,0.000977299317709952,0.06881760872999383,0.044642072248707004,0.000977299317709952
1030,30,0.25,1.0,mom,740,-0.047406678372816154,-1.3012638028888426,0.9032131422987817,0.4851351351351351,-0.09653529850155447,-0.09653529850155447,-0.02032343460563168,-0.02410942028961459
1030,30,0.25,1.0,rev,740,-0.001226064927710145,-0.033651803016363356,0.5134180501461112,0.5121621621621621,-0.029396133462576853,0.04816888212964489,-0.029396133462576853,-0.02368230855737477
1030,30,0.25,1.5,mom,740,-0.026093362156011102,-0.5943071766314909,0.723755714479057,0.40540540540540543,-0.08336692571994755,-0.07581456738555764,0.07988628030981497,-0.08336692571994755
1030,30,0.25,1.5,rev,740,-0.022245169946714004,-0.507048062620431,0.6938638204095777,0.41081081081081083,-0.04435599612405623,0.020485813773392654,-0.04400633045077566,-0.04435599612405623
1030,30,0.25,2.0,mom,740,0.021750457480910125,0.43151378900630105,0.3331103417675666,0.3662162162162162,-0.050859928237902266,-0.0007421432607348245,0.11507604515988862,-0.050859928237902266
1030,30,0.25,2.0,rev,740,-0.0077919630607700295,-0.15625764376425014,0.5620636915769122,0.3608108108108108,-0.04064186455790764,0.054143665507271614,-0.03855412640660987,-0.04064186455790764
1030,30,0.4,1.0,mom,740,-0.02333824393423449,-0.6723964673180243,0.7492292475424647,0.49594594594594593,-0.0739651354270362,-0.0739651354270362,0.04302128332539799,-0.03889763395786783
1030,30,0.4,1.0,rev,740,-0.00638154495291875,-0.18383064005412839,0.5729016266515575,0.5013513513513513,-0.07409601336802833,0.043736125194592704,-0.07409601336802833,0.011102492225179977
1030,30,0.4,1.5,mom,740,0.038893620627799726,0.9451864665267723,0.1724363068021676,0.4486486486486487,-0.005063812973345115,-0.005063812973345115,0.06247773792337943,0.06040588097876898
1030,30,0.4,1.5,rev,740,0.00490063442921361,0.11974640407428871,0.45235829267235733,0.43243243243243246,-0.09432494314694251,0.07013209601645246,-0.09432494314694251,0.03907012148518778
1030,30,0.4,2.0,mom,740,0.029788717517058985,0.6700670662728025,0.25151217993812036,0.42162162162162165,-0.026967444203306965,-0.026967444203306965,0.0839625333998226,0.033152577487542294
1030,30,0.4,2.0,rev,740,0.0020899662754509185,0.04652530780163178,0.4814520663892815,0.3972972972972973,-0.1267465693669989,0.10213744579108743,-0.1267465693669989,0.030469814743927258
1030,60,0.1,1.0,mom,740,-0.032412550747279494,-0.88133426757034,0.8107882632666891,0.5108108108108108,-0.051440905872014706,-0.03256957424974754,-0.013762363311067121,-0.051440905872014706
1030,60,0.1,1.0,rev,740,-0.145926064260793,-3.983200667156932,0.9999626393169984,0.4540540540540541,-0.16698816976268002,-0.13615523162026544,-0.16698816976268002,-0.1344284577392346
1030,60,0.1,1.5,mom,740,-0.06416930750403624,-1.4268147746096604,0.9229721796770439,0.39594594594594595,-0.1242030403852057,-0.1242030403852057,-0.023843008472357437,-0.04314215068529271
1030,60,0.1,1.5,rev,740,-0.14525038858511732,-3.283920326923146,0.9994640245015429,0.3635135135135135,-0.16762347848612258,-0.13416319974775548,-0.134730105246551,-0.16762347848612258
1030,60,0.1,2.0,mom,740,-0.034520364267822824,-0.6609167761997471,0.7455641671440483,0.34054054054054056,-0.11623491289516587,-0.11623491289516587,0.026560217334094176,-0.012269876847956942
1030,60,0.1,2.0,rev,740,-0.14954808155670224,-2.9540579918269843,0.998382078610679,0.3013513513513513,-0.16762347848612258,-0.150817752731711,-0.13069784718203487,-0.16762347848612258
1030,60,0.15,1.0,mom,740,-0.055723652083723416,-1.5158462891264763,0.9350070852067335,0.4905405405405405,-0.12397068562200964,-0.12397068562200964,-0.025303941132109268,-0.01594806244841412
1030,60,0.15,1.0,rev,740,-0.02983542458832493,-0.8115299428194658,0.7913386466499523,0.5027027027027027,-0.06093856723432748,0.02742373668874732,-0.0575620056482383,-0.06093856723432748
1030,60,0.15,1.5,mom,740,-0.012083816052373943,-0.26751242159610494,0.6054253535304038,0.41081081081081083,-0.13393084498455946,-0.13393084498455946,0.04727670402918105,0.05373442163124817
1030,60,0.15,1.5,rev,740,-0.022277188268405728,-0.4942308389066787,0.6893549814735533,0.40540540540540543,-0.10431357383437415,0.017648722614450302,0.01703476854531008,-0.10431357383437415
1030,60,0.15,2.0,mom,740,0.03775042282398562,0.718250374258579,0.23641496535252993,0.3635135135135135,-0.07937914621091269,-0.07937914621091269,0.10512594321644894,0.09040765423655232
1030,60,0.15,2.0,rev,740,0.008682632231557522,0.1660750537938236,0.4340716551942928,0.35135135135135137,-0.13761340908479489,0.11101735793446704,0.04727670402918105,-0.13761340908479489
1030,60,0.25,1.0,mom,740,-0.016231179106420437,-0.44528193331070065,0.6718767875793024,0.504054054054054,-0.10781645355546211,-0.10781645355546211,-0.01611521691296137,0.07903498380947839
1030,60,0.25,1.0,rev,740,-0.032401564194105864,-0.8893949594586368,0.812959863608016,0.49324324324324326,-0.12682671265646775,0.05945003718355254,-0.03360435115524717,-0.12682671265646775
1030,60,0.25,1.5,mom,740,0.02884512566181195,0.6533081440631073,0.256880423803764,0.4337837837837838,-0.04912514855550856,-0.04912514855550856,0.0575406986368277,0.08052162661925402
1030,60,0.25,1.5,rev,740,-0.07718365776453705,-1.77285818185124,0.9616679610163604,0.3824324324324324,-0.20824454846325782,-0.006203605056656432,-0.021660748777788407,-0.20824454846325782
1030,60,0.25,2.0,mom,740,0.06618843595920773,1.3006341445808312,0.09689457283854686,0.3864864864864865,0.007231554202357881,0.007231554202357881,0.12940717647439745,0.06253669186461128
1030,60,0.25,2.0,rev,740,-0.05222994153906761,-1.059827410275286,0.8552153050704083,0.34054054054054056,-0.1540384846604212,0.04616996804417891,-0.0528852577211187,-0.1540384846604212
1030,60,0.4,1.0,mom,740,0.052858482244749934,1.5263379182273817,0.06367679146454898,0.5405405405405406,0.011841587439550228,0.011841587439550228,0.045979668150061964,0.1026559365666908
1030,60,0.4,1.0,rev,740,-0.0825782711319032,-2.385538015683217,0.9913474317521627,0.45675675675675675,-0.13045107829937866,-0.04207059767199371,-0.0770543981926923,-0.13045107829937866
1030,60,0.4,1.5,mom,740,0.110622160053708,2.6690818548280393,0.0038864007505233535,0.4851351351351351,0.07901996271723159,0.07901996271723159,0.08964358355245929,0.16512356463364677
1030,60,0.4,1.5,rev,740,-0.06682790499669465,-1.6553319644842217,0.9508591270614138,0.39594594594594595,-0.12149078877602236,-0.013951679674124253,-0.12149078877602236,-0.06564756216969
1030,60,0.4,2.0,mom,740,0.08587054733271586,1.9152648455974206,0.0279222135645413,0.4527027027027027,0.04793213193020225,0.04793213193020225,0.08156538985193224,0.12981337439190777
1030,60,0.4,2.0,rev,740,-0.05399186354020594,-1.2160237945843395,0.8878179300124851,0.3662162162162162,-0.12434942581910853,0.027237869657578215,-0.12434942581910853,-0.06619098216043823
1100,10,0.1,1.0,mom,738,-0.17865602901359154,-4.884706603807561,0.9999993644193408,0.43766937669376693,-0.2816055398614854,-0.13615122928777756,-0.2816055398614854,-0.11783912055963894
1100,10,0.1,1.0,rev,738,0.01917594930619166,0.5222101335236801,0.3008404750392217,0.5365853658536586,-0.03485156869241902,-0.032565571917259624,0.12489852517916498,-0.03485156869241902
1100,10,0.1,1.5,mom,738,-0.16307337318703327,-3.69518515349178,0.999882000727172,0.35636856368563685,-0.25924781628424964,-0.1341591974152676,-0.25924781628424964,-0.09501754379615346
1100,10,0.1,1.5,rev,738,0.009690854455243146,0.21293175529782546,0.41571953801091505,0.4254742547425474,-0.10427871932761819,-0.10427871932761819,0.1879066552604658,-0.0535237678625435
1100,10,0.1,2.0,mom,738,-0.16852222794886018,-3.3501398229878254,0.999575582669395,0.2967479674796748,-0.2694104179102659,-0.11315329462390857,-0.2694104179102659,-0.12320732145117157
1100,10,0.1,2.0,rev,738,-0.009357610809789913,-0.17811172710421241,0.5706579115275694,0.34959349593495936,-0.164039675502917,-0.164039675502917,0.18180909428485606,-0.043390022491565886
1100,10,0.15,1.0,mom,738,-0.0877186733646112,-2.385813876514248,0.9913535268368231,0.4742547425474255,-0.22025735177757563,-0.028350487519872954,-0.22025735177757563,-0.014261825885109264
1100,10,0.15,1.0,rev,738,0.007595548862297602,0.20677118555153012,0.41812283602752487,0.521680216802168,-0.06263570138943006,-0.052254869989992486,0.13746622545819673,-0.06263570138943006
1100,10,0.15,1.5,mom,738,-0.07442150298668533,-1.6715111293876805,0.9524773703776855,0.3888888888888889,-0.22838743307838866,0.03635837528791026,-0.22838743307838866,-0.03263781271433878
1100,10,0.15,1.5,rev,738,-0.012085711718960217,-0.26832119123647524,0.605736409923509,0.41192411924119243,-0.12396801740035104,-0.12396801740035104,0.14906115508632842,-0.06005114951178969
1100,10,0.15,2.0,mom,738,-0.04332472075521778,-0.8450189825256972,0.8008127633837285,0.34146341463414637,-0.20463868224195167,0.09632658780901666,-0.20463868224195167,-0.024109965252671336
1100,10,0.15,2.0,rev,738,-0.02518039433505284,-0.4880627968316245,0.6871747361393385,0.34552845528455284,-0.1846647920091232,-0.1846647920091232,0.19443277494884104,-0.08324784590204967
1100,10,0.25,1.0,mom,738,0.004531203426596981,0.12518209597294172,0.45020676423470934,0.5149051490514905,-0.08090449276076477,0.08554641331425986,-0.08090449276076477,0.00736258757716796
1100,10,0.25,1.0,rev,738,-0.05043705644776832,-1.3939721609091194,0.9181269282202685,0.483739837398374,-0.13390962782017912,-0.13390962782017912,0.031229816969137406,-0.046862099792513955
1100,10,0.25,1.5,mom,738,0.03218005038978622,0.7365977618156071,0.23080069739109452,0.43766937669376693,-0.08303054468651284,0.12660323807760696,-0.08303054468651284,0.05143974449404584
1100,10,0.25,1.5,rev,738,-0.1072701952826648,-2.5191922913967506,0.9940135537688733,0.37669376693766937,-0.21491029261797692,-0.21491029261797692,0.07133782913501012,-0.17747728895729004
1100,10,0.25,2.0,mom,738,-0.006264047320574047,-0.12877724054725484,0.5512154758605523,0.37533875338753386,-0.18204255546367634,0.12814309251574554,-0.18204255546367634,0.03317711825738005
1100,10,0.25,2.0,rev,738,-0.12153180590314525,-2.560202860883291,0.9946703187151604,0.32926829268292684,-0.21533437100803823,-0.21533437100803823,0.03434397178670949,-0.18294673316611676
1100,10,0.4,1.0,mom,738,0.0553607217952646,1.6461107017440624,0.050083653496805304,0.535230352303523,-0.0836821475576651,0.10907564229636332,-0.0836821475576651,0.14134454260457965
1100,10,0.4,1.0,rev,738,-0.0823581129958273,-2.4498193229582483,0.9927377934480339,0.462059620596206,-0.16084501574746965,-0.13930265136256287,0.05263547518789801,-0.16084501574746965
1100,10,0.4,1.5,mom,738,0.05398922077639718,1.3786823910998176,0.08420550533233055,0.46747967479674796,-0.09650708254720468,0.129926042660074,-0.09650708254720468,0.12852012668844354
1100,10,0.4,1.5,rev,738,-0.09469368377513257,-2.4539477920381483,0.9928199521246379,0.3970189701897019,-0.1495464703103687,-0.1495464703103687,0.012793973230252309,-0.14728253938915914
1100,10,0.4,2.0,mom,738,0.02982484793472426,0.7119768304796749,0.23835221630219228,0.43902439024390244,-0.12213920535982532,0.105832924790628,-0.12213920535982532,0.10577974345185022
1100,10,0.4,2.0,rev,738,-0.08002584166013407,-1.899888193676488,0.9710810671160786,0.3780487804878049,-0.14549813584827992,-0.14549813584827992,0.022135590810842033,-0.11611781903206564
1100,30,0.1,1.0,mom,740,-0.09187643517471489,-2.4996682266596597,0.9936766362046625,0.4810810810810811,-0.12613787574636093,-0.08037433685749866,-0.07022328799670911,-0.12613787574636093
1100,30,0.1,1.0,rev,740,-0.06755211085039055,-1.8358429094255406,0.9666087436411969,0.49324324324324326,-0.08834246434753851,-0.08834246434753851,-0.08635232025477363,-0.026552813505697027
1100,30,0.1,1.5,mom,740,-0.054038597336877034,-1.1995955835658996,0.8846595500563502,0.4,-0.09501754379615346,-0.014637285064669983,-0.0540942557386446,-0.09501754379615346
1100,30,0.1,1.5,rev,740,-0.09795751625579596,-2.1911387823139328,0.9856233682952958,0.3824324324324324,-0.22380063167821582,-0.22380063167821582,-0.013771675093483312,-0.0535237678625435
1100,30,0.1,2.0,mom,740,-0.06926328415117476,-1.3413935242196144,0.9098976033190326,0.3310810810810811,-0.14562178169611678,-0.018902810597296094,-0.04602973960961234,-0.14562178169611678
1100,30,0.1,2.0,rev,740,-0.10581258914396129,-2.063109772025108,0.9802745107031485,0.3162162162162162,-0.25829015952952944,-0.25829015952952944,-0.03393296541606396,-0.02097556224662067
1100,30,0.15,1.0,mom,740,-0.003824309938633365,-0.10415037074809544,0.5414608615929741,0.5162162162162162,-0.057568213503182426,0.09117142483072466,-0.057568213503182426,-0.04745684663199723
1100,30,0.15,1.0,rev,740,-0.07633526128531082,-2.078976360309688,0.9810180522777332,0.4797297297297297,-0.1717767823405901,-0.1717767823405901,-0.025310148987053388,-0.029440680642542107
1100,30,0.15,1.5,mom,740,0.020825052891867413,0.46177855380452004,0.322188016571296,0.4283783783783784,-0.06172784413117911,0.15364090248759082,-0.03337466511608564,-0.06172784413117911
1100,30,0.15,1.5,rev,740,-0.10600010866994539,-2.394738581813823,0.9915598405987001,0.372972972972973,-0.2412505446000316,-0.2412505446000316,-0.04203453330753565,-0.03096111809494935
1100,30,0.15,2.0,mom,740,0.06909093838787056,1.316072486515806,0.09427889539090376,0.37972972972972974,-0.045809383438406646,0.2389378335488269,0.008846611269857505,-0.045809383438406646
1100,30,0.15,2.0,rev,740,-0.13496119752250701,-2.701322542983994,0.9964676486236606,0.3081081081081081,-0.32727603774893343,-0.32727603774893343,-0.011660603274359457,-0.06154842771631436
1100,30,0.25,1.0,mom,740,0.06347244062643331,1.7626365280903389,0.039187563797585354,0.5486486486486486,-0.045648737554372876,0.1511140321920957,0.08081181344334068,-0.045648737554372876
1100,30,0.25,1.0,rev,740,-0.10940602119863765,-3.037137402945791,0.998763806130247,0.45,-0.19947724669801498,-0.19947724669801498,-0.13053883093748217,0.006149225339026869
1100,30,0.25,1.5,mom,740,0.07884066014726974,1.803687899813371,0.035843689939778205,0.4594594594594595,-0.04508434249327547,0.1629372884015935,0.11415385347201223,-0.04508434249327547
1100,30,0.25,1.5,rev,740,-0.15252830477531182,-3.6154389653467187,0.9998399016449915,0.3554054054054054,-0.25124434294196346,-0.25124434294196346,-0.1221729587924817,-0.08095320196996873
1100,30,0.25,2.0,mom,740,0.014793123571594147,0.30396612432137876,0.38061963252606773,0.3878378378378378,-0.08065687469535737,0.139919917229774,-0.01909145556496969,-0.08065687469535737
1100,30,0.25,2.0,rev,740,-0.139692677318772,-2.9532645967127773,0.9983779634990854,0.31756756756756754,-0.2271111957220667,-0.2271111957220667,-0.11980443829930695,-0.06911274021337932
1100,30,0.4,1.0,mom,740,0.0857754870703333,2.56189446167075,0.005303757500563173,0.5527027027027027,0.022617841842489987,0.1269430872887055,0.1054848614457318,0.022617841842489987
1100,30,0.4,1.0,rev,740,-0.11279478573877184,-3.368200419663954,0.9996020929547027,0.4445945945945946,-0.15717009635490503,-0.15717009635490503,-0.13656424737957024,-0.04211831498537999
1100,30,0.4,1.5,mom,740,0.05785455857030916,1.4804943242728634,0.06958378384225046,0.47162162162162163,0.004289533936496808,0.138736449265832,0.02804736652261778,0.004289533936496808
1100,30,0.4,1.5,rev,740,-0.09719253154557395,-2.5181576190578028,0.9939963786173066,0.3932432432432432,-0.15835687691612668,-0.15835687691612668,-0.10733620200890612,-0.02305194663721242
1100,30,0.4,2.0,mom,740,0.05310712597411945,1.2597455815829992,0.10407942443699873,0.45,0.010999450575553646,0.13033429411098368,0.010999450575553646,0.016006230938814005
1100,30,0.4,2.0,rev,740,-0.10150170522679342,-2.4341446490405554,0.9924185672531348,0.3675675675675676,-0.1699995051686356,-0.1699995051686356,-0.10521132338473178,-0.026344306519029432
1100,60,0.1,1.0,mom,740,-0.032416975715255425,-0.8815334502435261,0.8108421110575872,0.5108108108108108,-0.051449079065863004,-0.0006930619571002584,-0.04602973960961234,-0.051449079065863004
1100,60,0.1,1.0,rev,740,-0.12701157030985,-3.460677272958462,0.9997151179577849,0.4635135135135135,-0.16802373924793693,-0.16802373924793693,-0.11054586864187041,-0.10124161018619496
1100,60,0.1,1.5,mom,740,-0.013498056796336505,-0.2978179485766498,0.6170370898082222,0.41621621621621624,-0.04315032387914101,0.01524319302297942,-0.013771675093483312,-0.04315032387914101
1100,60,0.1,1.5,rev,740,-0.1384980567963365,-3.124805803642238,0.9990756021776205,0.3662162162162162,-0.2536811097658652,-0.2536811097658652,-0.0540942557386446,-0.10539098777955595
1100,60,0.1,2.0,mom,740,-0.018058832058625178,-0.3451387070815188,0.6349558470608824,0.3472972972972973,-0.05848485223553588,0.03644099238472261,-0.03393296541606396,-0.05848485223553588
1100,60,0.1,2.0,rev,740,-0.15701704123651086,-3.111380027913219,0.9990330967277126,0.3,-0.3136339625115482,-0.3136339625115482,-0.04602973960961234,-0.10811249170720158
1100,60,0.15,1.0,mom,740,0.02320271708839366,0.6328715513126673,0.2635066528257707,0.5297297297297298,-0.030859336258553246,0.09913955232076449,-0.0011166005999566138,-0.030859336258553246
1100,60,0.15,1.0,rev,740,-0.10336228831233785,-2.818329161850083,0.9975217704090079,0.46621621621621623,-0.17974490983062993,-0.17974490983062993,-0.08176176189027919,-0.04603819101598608
1100,60,0.15,1.5,mom,740,0.02786974098430694,0.6167162036294751,0.26880593547647835,0.4297297297297297,-0.02329401995479532,0.10952747499353158,-0.02329401995479532,-0.004526435461411007
1100,60,0.15,1.5,rev,740,-0.11304479676238488,-2.5610604808358555,0.9946836082882508,0.3716216216216216,-0.19713711710597237,-0.19713711710597237,-0.052115178468825976,-0.08816252676471747
1100,60,0.15,2.0,mom,740,0.0481468834725839,0.9184544543237991,0.1793403289615952,0.37027027027027026,0.008397798647631667,0.11847601745123978,0.008397798647631667,0.01580315072546991
1100,60,0.15,2.0,rev,740,-0.11401714260722035,-2.273763184855505,0.9883668744990063,0.31756756756756754,-0.2068142216513463,-0.2068142216513463,-0.011211790652133619,-0.1231609618801909
1100,60,0.25,1.0,mom,740,0.03409728102129865,0.9446972439913291,0.17256111134005214,0.5283783783783784,0.008231168282050358,0.07852515342932774,0.008231168282050358,0.01444333905000518
1100,60,0.25,1.0,rev,740,-0.08003086159350299,-2.217071819961782,0.9865391118810631,0.4702702702702703,-0.126888367935247,-0.126888367935247,-0.05795818577619185,-0.05394285126535118
1100,60,0.25,1.5,mom,740,0.028374109838094148,0.6502240076011796,0.25787480845888855,0.43243243243243246,-0.014091653307070089,0.046853066414027915,0.0509387502309377,-0.014091653307070089
1100,60,0.25,1.5,rev,740,-0.10206175446613622,-2.39833610950804,0.9916416394348196,0.3824324324324324,-0.1351601209543979,-0.1351601209543979,-0.058957855551407166,-0.1119458911561741
1100,60,0.25,2.0,mom,740,-0.0028376676903478734,-0.05831786006132205,0.5232443966734741,0.37432432432432433,-0.03577632690286626,0.04126666616996909,-0.015466582725519708,-0.03577632690286626
1100,60,0.25,2.0,rev,740,-0.12206188605683001,-2.576303872185956,0.9949103496980517,0.3310810810810811,-0.12845794466226176,-0.12845794466226176,-0.12342931113875694,-0.11399328800587044
1100,60,0.4,1.0,mom,740,0.051755825846015735,1.5406497231445273,0.06191506187185136,0.5310810810810811,0.04063860962848431,0.04616953214464328,0.06821311950516719,0.04063860962848431
1100,60,0.4,1.0,rev,740,-0.07877512451445426,-2.3443752973541363,0.990338566235721,0.46621621621621623,-0.09929250543900563,-0.07639654121084281,-0.09929250543900563,-0.06013908277137431
1100,60,0.4,1.5,mom,740,0.029423641960081046,0.7559113853196349,0.2249716026673364,0.4581081081081081,-0.005581602793093554,0.0507782257244005,0.04182793010794755,-0.005581602793093554
1100,60,0.4,1.5,rev,740,-0.06876161493534581,-1.7687136869317277,0.9613229351755128,0.40675675675675677,-0.12111676559423588,-0.07039865337469518,-0.12111676559423588,-0.013180809907622056
1100,60,0.4,2.0,mom,740,0.019938267612316218,0.4781325699583886,0.31634862874061226,0.43648648648648647,-0.02035559736298313,0.04614916098765098,0.032566845119727975,-0.02035559736298313
1100,60,0.4,2.0,rev,740,-0.06833284686499015,-1.6160078544766656,0.9467402956786193,0.3810810810810811,-0.1267787179289061,-0.08581437204530289,-0.1267787179289061,0.010017521782767701
1300,10,0.1,1.0,mom,740,-0.04889531428104615,-1.3317203446417203,0.9083186507139538,0.5027027027027027,-0.09381863361012059,-0.07239894107886462,0.018547952995402964,-0.09381863361012059
1300,10,0.1,1.0,rev,740,-0.099680180456649,-2.7141203586722082,0.9965999453298308,0.47702702702702704,-0.15080688571427447,-0.10427145103902398,-0.15080688571427447,-0.04228668742732441
1300,10,0.1,1.5,mom,740,-0.024762637844282103,-0.5488890952400617,0.7083763210288954,0.41216216216216217,-0.06264392841551329,-0.04911178326490031,0.036693114285725546,-0.06264392841551329
1300,10,0.1,1.5,rev,740,-0.06491494457097889,-1.447737227766457,0.9259426776197947,0.39594594594594595,-0.12459720829491962,-0.1028780466585208,-0.12459720829491962,0.0360391634269892
1300,10,0.1,2.0,mom,740,-0.0010414599650474233,-0.019958536554253847,0.5079590818090858,0.3567567567567568,-0.09353950328862941,-0.09353950328862941,0.08709634009217716,0.004596857296476987
1300,10,0.1,2.0,rev,740,-0.07129308992851258,-1.3923920207105747,0.9178887327708349,0.3324324324324324,-0.18069294053652638,-0.10249405166903272,-0.18069294053652638,0.07377995715720514
1300,10,0.15,1.0,mom,740,-0.024780557221880946,-0.6780807513079219,0.7510336255308507,0.5067567567567568,-0.08429797179537561,-0.022928536666984065,0.03118250629801057,-0.08429797179537561
1300,10,0.15,1.0,rev,740,-0.05535085368433026,-1.5135831549156704,0.9347204311086819,0.48783783783783785,-0.12204330015360235,-0.06563525728146227,-0.12204330015360235,0.023989860121726242
1300,10,0.15,1.5,mom,740,-0.02610329506941073,-0.5914799642277668,0.7228101216519289,0.41486486486486485,-0.09129614003090433,-0.048173921019832124,0.05958703859702364,-0.09129614003090433
1300,10,0.15,1.5,rev,740,-0.03823765727079412,-0.8710805304546126,0.8080034668160673,0.41081081081081083,-0.15588648604347077,-0.06013319226079629,-0.15588648604347077,0.10563242081266798
1300,10,0.15,2.0,mom,740,0.004650962247529228,0.09254204336837644,0.46314623485994577,0.37567567567567567,-0.06338110670767488,-0.03761253814889374,0.11353752360924838,-0.06338110670767488
1300,10,0.15,2.0,rev,740,-0.05384508032570849,-1.090327923608239,0.8620379478077361,0.3527027027027027,-0.10640220897790954,-0.08048351535138919,-0.10640220897790954,0.027982368210356736
1300,10,0.25,1.0,mom,740,-0.010495152357320382,-0.30477969240817093,0.6196901193441735,0.5054054054054054,-0.06106935249499848,-0.02423898954249671,0.05256164347598478,-0.06106935249499848
1300,10,0.25,1.0,rev,740,-0.03542153202424417,-1.0282050329135017,0.8479050972216887,0.4891891891891892,-0.10223941011192048,-0.024118410332547167,-0.10223941011192048,0.021564983416120065
1300,10,0.25,1.5,mom,740,0.0011414419842603186,0.02810903355452221,0.4887913890480091,0.44324324324324327,-0.036328509687322506,-0.036328509687322506,0.07428191433698271,-0.035098720978013
1300,10,0.25,1.5,rev,740,-0.021955646943482038,-0.5441056615531055,0.7067335580256087,0.42567567567567566,-0.054226837655636836,-0.04434505395639085,-0.054226837655636836,0.03457130930902627
1300,10,0.25,2.0,mom,740,0.011071414945762997,0.24725502958569973,0.40238976733004916,0.4175675675675676,-0.05110750388755797,-0.05110750388755797,0.09784840547066942,-0.013467112120681964
1300,10,0.25,2.0,rev,740,-0.03828173204572251,-0.8649897409579754,0.8063374420658306,0.38513513513513514,-0.048317874475872775,-0.048317874475872775,-0.03178683476129887,-0.0345126979236036
1300,10,0.4,1.0,mom,740,-0.001099527872945483,-0.03575118703552719,0.5142547951201781,0.5135135135135135,-0.016852288515024284,-0.001878298225070653,0.014996789357394886,-0.016852288515024284
1300,10,0.4,1.0,rev,740,-0.025909210676343178,-0.8423108636912894,0.800056759362932,0.4810810810810811,-0.04604539350485471,-0.028345076696831773,-0.04604539350485471,-0.0026512201675734795
1300,10,0.4,1.5,mom,740,0.011715747117488129,0.33968414152735593,0.36709546083647815,0.4851351351351351,-0.008187712500892303,0.00967656128478572,0.033121268940221965,-0.008187712500892303
1300,10,0.4,1.5,rev,740,-0.030371498320247565,-0.8790562780899037,0.8101717506461698,0.43648648648648647,-0.03290361556889833,-0.03215391812460597,-0.03290361556889833,-0.025909454965229516
1300,10,0.4,2.0,mom,740,-0.0018064809857931997,-0.0498477493024387,0.5198714075833641,0.46756756756756757,-0.03817399886378229,-0.006989367874173166,0.03878011747218561,-0.03817399886378229
1300,10,0.4,2.0,rev,740,-0.03877367642341972,-1.0667441811456164,0.8567821307878858,0.42162162162162165,-0.06028598353047613,-0.019948502186676615,-0.03692146965173398,-0.06028598353047613
1300,30,0.1,1.0,mom,740,-0.0940945491716959,-2.564205797029858,0.9947311178460035,0.4810810810810811,-0.14411208848922316,-0.14411208848922316,-0.037903659907822844,-0.09982458306688745
1300,30,0.1,1.0,rev,740,-0.05448094556599925,-1.4822206782172627,0.9306460653771564,0.49864864864864866,-0.09435527281104865,-0.03255830362866541,-0.09435527281104865,-0.036280737970557544
1300,30,0.1,1.5,mom,740,-0.05623900329074947,-1.2515191897661901,0.8944294368194026,0.4,-0.10427145103902398,-0.10427145103902398,-0.023790756682016394,-0.039604234718753184
1300,30,0.1,1.5,rev,740,-0.03343857912451154,-0.7426668630786107,0.7710403018420784,0.4081081081081081,-0.06411333732717768,-0.04771837888439712,-0.06411333732717768,0.012999469730229099
1300,30,0.1,2.0,mom,740,-0.004109534794343048,-0.07868235382874168,0.5313467093276858,0.35405405405405405,-0.08875435604534011,-0.08875435604534011,0.05080601751153199,0.027536909861853046
1300,30,0.1,2.0,rev,740,-0.06822501509921698,-1.3336109735428754,0.908628862227016,0.33513513513513515,-0.14440261795588122,-0.10727919891232202,-0.14440261795588122,0.050839904591829084
1300,30,0.15,1.0,mom,740,-0.05463423924142231,-1.4948207616814868,0.9323059503277189,0.4918918918918919,-0.06460225040565626,-0.06460225040565626,-0.04139813886327976,-0.05787316908190622
1300,30,0.15,1.0,rev,740,-0.025497171664788893,-0.6972855141897708,0.7570782848348622,0.5027027027027027,-0.04946265499231201,-0.023961543542790068,-0.04946265499231201,-0.002434942591743148
1300,30,0.15,1.5,mom,740,-0.029573617701566742,-0.6704318187368162,0.748603994093924,0.4135135135135135,-0.06239621882174957,-0.06239621882174957,0.019264457951862355,-0.045645691896108294
1300,30,0.15,1.5,rev,740,-0.03476733463863812,-0.7916291863554683,0.7855845319951253,0.41216216216216217,-0.11556390539830949,-0.04591089445887885,-0.11556390539830949,0.05998197267787194
1300,30,0.15,2.0,mom,740,-0.02481163928233418,-0.49878232419731416,0.6909594146544518,0.3662162162162162,-0.09082839828013892,-0.09082839828013892,0.06029783584230011,-0.043637130246899775
1300,30,0.15,2.0,rev,740,-0.024382478795845097,-0.48838605400120166,0.687289349319264,0.3621621621621622,-0.05316252121096127,-0.027267655220144,-0.05316252121096127,0.008238391749581634
1300,30,0.25,1.0,mom,740,-0.0038663022281522808,-0.11227326735570817,0.5446813869217582,0.504054054054054,-0.039246898090343055,-0.039246898090343055,0.04002636530210773,-0.012185190137258491
1300,30,0.25,1.0,rev,740,-0.042050382153412266,-1.2209634058198544,0.8887553612904238,0.4905405405405405,-0.08970413193804343,-0.009110501784700829,-0.08970413193804343,-0.027319178941619934
1300,30,0.25,1.5,mom,740,-0.002541561666862361,-0.06298865969398358,0.5251037163512251,0.43783783783783786,-0.0978920579022663,-0.0978920579022663,0.07144029021843279,0.02063468433949941
1300,30,0.25,1.5,rev,740,-0.018272643292359367,-0.44992857195754016,0.6735530546642858,0.43108108108108106,-0.051385213537086916,0.017218494258552937,-0.051385213537086916,-0.02116209600848614
1300,30,0.25,2.0,mom,740,-0.010164476281254215,-0.22977136538196088,0.5908334906954138,0.40540540540540543,-0.11884741662152556,-0.11884741662152556,0.07456086217665027,0.015841889228487664
1300,30,0.25,2.0,rev,740,-0.017045840818705298,-0.38036339301279504,0.6481075080737293,0.3972972972972973,-0.06382169927277323,0.019422038258094812,-0.008499291467279697,-0.06382169927277323
1300,30,0.4,1.0,mom,740,-0.010717882654066164,-0.3484345856450252,0.6361934650845311,0.5,-0.07839459255401435,-0.07839459255401435,0.05063368233060075,-0.0033665711657275875
1300,30,0.4,1.0,rev,740,-0.016290855895222486,-0.5295943232508126,0.7017238561843617,0.4945945945945946,-0.08168228647806057,0.048171217632111914,-0.08168228647806057,-0.016136937516870176
1300,30,0.4,1.5,mom,740,-0.010775203727677044,-0.31478610916424304,0.6234935422554103,0.46756756756756757,-0.09505710119004995,-0.09505710119004995,0.0402651134550693,0.024481051881179824
1300,30,0.4,1.5,rev,740,-0.007880547475082393,-0.22629162583959697,0.5894814072539658,0.4540540540540541,-0.05857821934730164,0.0725797443502297,-0.04004746008374566,-0.05857821934730164
1300,30,0.4,2.0,mom,740,-0.039259886196271486,-1.1050033650088305,0.8652411198460181,0.4445945945945946,-0.12116447299115878,-0.12116447299115878,0.028399273472830337,-0.02358113230590029
1300,30,0.4,2.0,rev,740,-0.0013202712129414635,-0.03564246595456312,0.5142114640085422,0.4445945945945946,-0.07487885008835814,0.09422660293030899,-0.026540625652378698,-0.07487885008835814
1300,60,0.1,1.0,mom,740,-0.056436937213405765,-1.5358917094007922,0.9375035239525199,0.49864864864864866,-0.19988898091950205,-0.19988898091950205,0.010483436866370701,0.024103354066451522
1300,60,0.1,1.0,rev,740,-0.09213855752428937,-2.5099693380063894,0.9938565916960873,0.4810810810810811,-0.1602086751038965,0.02321858880161348,-0.14274236958524222,-0.1602086751038965
1300,60,0.1,1.5,mom,740,-0.009882492488611344,-0.2184017541008724,0.5864118021103104,0.4175675675675676,-0.16403240721432277,-0.16403240721432277,0.04677375944701587,0.09236181504714808
1300,60,0.1,1.5,rev,740,-0.07979508992664965,-1.7860112065437563,0.9627463205015794,0.39054054054054055,-0.13467785345620994,0.012042577290901685,-0.13467785345620994,-0.11896658003567215
1300,60,0.1,2.0,mom,740,-0.008613873801063644,-0.16533586832940753,0.5656375771444317,0.35405405405405405,-0.22178640557864254,-0.22178640557864254,0.06290279170508038,0.13981007819332886
1300,60,0.1,2.0,rev,740,-0.06372067609249638,-1.2421724259675564,0.8927165008166263,0.33513513513513515,-0.1564993921494296,0.025752850620980434,-0.1564993921494296,-0.061433263739646735
1300,60,0.15,1.0,mom,740,-0.004647678576064215,-0.1271794154585117,0.5505835030938366,0.5148648648648648,-0.09715449688502477,-0.09715449688502477,0.039247022427042824,0.04652794609936545
1300,60,0.15,1.0,rev,740,-0.07548373233014698,-2.0662077178764062,0.9804216028256563,0.4797297297297297,-0.1301078162826346,0.008590702936578433,-0.1301078162826346,-0.10683605777301483
1300,60,0.15,1.5,mom,740,0.018260698610926825,0.40957887576503,0.341116792583995,0.43108108108108106,-0.11617110995980243,-0.11617110995980243,0.08201548589025888,0.09266400444486331
1300,60,0.15,1.5,rev,740,-0.08260165095113167,-1.9050373534274432,0.9714184347556263,0.3945945945945946,-0.178314933336706,0.007863996679174005,-0.178314933336706,-0.07832772366309966
1300,60,0.15,2.0,mom,740,0.02125332234619023,0.42011978778539383,0.33726003427916956,0.3783783783783784,-0.1005903265434536,-0.1005903265434536,0.1048344946058003,0.062143883138378216
1300,60,0.15,2.0,rev,740,-0.0704474404243695,-1.4373839590481605,0.924483904135734,0.35,-0.09769917997446145,-0.017505726956829327,-0.09769917997446145,-0.09754262163569635
1300,60,0.25,1.0,mom,740,0.012670739290537221,0.36807957766194715,0.35645965100093,0.5081081081081081,-0.03967887893654362,-0.03967887893654362,0.048311534027975375,0.030516536303452694
1300,60,0.25,1.0,rev,740,-0.05858742367210177,-1.7022625061280283,0.9554366377371126,0.4864864864864865,-0.09798930066391108,-0.00867852093850027,-0.09798930066391108,-0.0700209053823311
1300,60,0.25,1.5,mom,740,0.012181987434093938,0.30017711573640843,0.3820632389981738,0.4391891891891892,-0.09393766899489661,-0.09393766899489661,0.06476371234264233,0.06859595418246164
1300,60,0.25,1.5,rev,740,-0.03299619239331565,-0.8174596215064288,0.7930353581727442,0.4297297297297297,-0.06912336585144838,0.013264105351183254,-0.04470863566129646,-0.06912336585144838
1300,60,0.25,2.0,mom,740,-0.0073491311499814345,-0.16555018071062758,0.5657218832158024,0.4,-0.1496734767621307,-0.1496734767621307,0.06462382513692956,0.06681733187697098
1300,60,0.25,2.0,rev,740,-0.019861185949978075,-0.44471540530308235,0.6716721752580893,0.4027027027027027,-0.11479714192125653,0.05024809839869995,0.0014377455724409953,-0.11479714192125653
1300,60,0.4,1.0,mom,740,-0.04059015590958447,-1.3201235604310908,0.9063987439468545,0.4756756756756757,-0.11131952590900339,-0.11131952590900339,-0.0104343356231327,0.002042327239021788
1300,60,0.4,1.0,rev,740,0.013581417360295818,0.441788067968506,0.32938590927287537,0.518918918918919,-0.021545835921619547,0.08109615098710096,-0.020614268524327115,-0.021545835921619547
1300,60,0.4,1.5,mom,740,-0.04638498800898815,-1.3633857701484264,0.9134119189523777,0.44054054054054054,-0.13685328244067937,-0.13685328244067937,-0.02263132407813353,0.023393573183968515
1300,60,0.4,1.5,rev,740,0.027729236806228706,0.7928236902803012,0.21406750131478894,0.4810810810810811,-0.05749074065009033,0.11437592560085913,0.022848977449457172,-0.05749074065009033
1300,60,0.4,2.0,mom,740,-0.06494242195641577,-1.8378863782253683,0.9667598001021145,0.42162162162162165,-0.12851907617775352,-0.12851907617775352,-0.04359719764205947,-0.02069294237303231
1300,60,0.4,2.0,rev,740,0.024362264547202847,0.6554709418941678,0.25618429093834183,0.46756756756756757,-0.07776704002122611,0.10158120611690376,0.0454558454625111,-0.07776704002122611
1400,10,0.1,1.0,mom,740,-0.1442024383824661,-3.943046579703318,0.999955948380927,0.4554054054054054,-0.25370398068760214,-0.25370398068760214,-0.07015371796605992,-0.10635677674213241
1400,10,0.1,1.0,rev,740,-0.017872912576955682,-0.4868741778490652,0.686754065855533,0.5175675675675676,-0.134669846998318,0.09296394422792004,-0.134669846998318,-0.013119432583287445
1400,10,0.1,1.5,mom,740,-0.11194351827247905,-2.5278050033254242,0.9941574438099566,0.3783783783783784,-0.23205074361066838,-0.23205074361066838,-0.06330167293362358,-0.036907269658996204
1400,10,0.1,1.5,rev,740,0.041724997969893464,0.9233104274941663,0.17807340741332292,0.4418918918918919,-0.07102716757003438,0.1605915649890667,-0.07102716757003438,0.03395333295781725
1400,10,0.1,2.0,mom,740,-0.0932602541840006,-1.8436928690649415,0.9671859495274219,0.327027027027027,-0.21548417021857608,-0.21548417021857608,-0.0791472017977103,0.01951221856653241
1400,10,0.1,2.0,rev,740,0.03188514808109055,0.614922181021401,0.2693977032072004,0.37432432432432433,-0.11297619357544503,0.15760297762662437,-0.11297619357544503,0.050019743578567054
1400,10,0.15,1.0,mom,740,-0.1056017952298338,-2.935281084909136,0.9982820873102706,0.4608108108108108,-0.1909925944232819,-0.1909925944232819,-0.059011107185097174,-0.06461175389182225
1400,10,0.15,1.0,rev,740,0.01466867837400307,0.4073027203896007,0.34195180839815725,0.5283783783783784,-0.047968043651369814,0.09445674010354695,-0.047968043651369814,-0.003974045409494999
1400,10,0.15,1.5,mom,740,-0.08964054533986977,-2.0937697165943665,0.9816896498171411,0.3878378378378378,-0.16643837396510686,-0.16643837396510686,-0.04009859588047006,-0.06063701206599683
1400,10,0.15,1.5,rev,740,0.01676343137132896,0.3875634773801131,0.3492253492869707,0.4418918918918919,-0.04475153980293487,0.0953268764100375,-0.04475153980293487,-0.0017581945767972038
1400,10,0.15,2.0,mom,740,-0.09601979486202285,-2.005007801950353,0.9773367679628199,0.34054054054054056,-0.15643900230137348,-0.15643900230137348,-0.012569951555697711,-0.11896726404331595
1400,10,0.15,2.0,rev,740,0.04009204176865832,0.8218356319303068,0.2057177580051848,0.40540540540540543,-0.035480448251205964,0.13190070777817972,-0.035480448251205964,0.02224142914017897
1400,10,0.25,1.0,mom,740,-0.08166495578188161,-2.4810081006402664,0.9933387157526022,0.4648648648648649,-0.15172054593541764,-0.15172054593541764,-0.05663131962383535,-0.03446324888834605
1400,10,0.25,1.0,rev,740,0.030348328911626414,0.9216505552448522,0.17850582999505699,0.5216216216216216,-0.0011045579748190277,0.08742453135154479,-0.0011045579748190277,0.0032702755316220983
1400,10,0.25,1.5,mom,740,-0.09574615609258655,-2.543383544017441,0.994409431339532,0.40945945945945944,-0.1507626746302937,-0.13332548481203438,-0.004248605785454153,-0.1507626746302937
1400,10,0.25,1.5,rev,740,0.08171811322338203,2.1405884616305615,0.016316943572284213,0.4918918918918919,0.04324825518178455,0.12871544482687905,0.04324825518178455,0.07235792468329251
1400,10,0.25,2.0,mom,740,-0.09444414304838178,-2.314733795341871,0.9895496514766604,0.3878378378378378,-0.14583676167390924,-0.14583676167390924,-0.033076997530026735,-0.10406864434939699
1400,10,0.25,2.0,rev,740,0.10068611879618548,2.397501924613287,0.008377265490502104,0.4702702702702703,0.05870615378341068,0.1728089965844878,0.05870615378341068,0.06876989057338159
1400,10,0.4,1.0,mom,740,-0.09733062181014326,-3.4638047689561455,0.9997183567624089,0.44054054054054054,-0.12268969034156958,-0.12268969034156958,-0.04750738996482407,-0.1221896894294426
1400,10,0.4,1.0,rev,740,0.07032529758380132,2.502448293827359,0.006274342374837366,0.5486486486486486,0.01646278904631024,0.09246484058919888,0.01646278904631024,0.10269408108149013
1400,10,0.4,1.5,mom,740,-0.07261070728352736,-2.3315668185156424,0.9900043008907771,0.42567567567567566,-0.12320230170840818,-0.12320230170840818,-0.00704062375727657,-0.08739448534935772
1400,10,0.4,1.5,rev,740,0.06394662114365375,2.0471791610876613,0.020496812752245203,0.5148648648648648,0.01778727858612428,0.09452167935901802,0.01778727858612428,0.07960295866320091
1400,10,0.4,2.0,mom,740,-0.08993790654850937,-2.7499759936098425,0.9969471703228509,0.40540540540540543,-0.13299188728188702,-0.13299188728188702,-0.0046950286613851285,-0.13281626568514437
1400,10,0.4,2.0,rev,740,0.07424177268341745,2.2499221331967307,0.012373667159634803,0.5094594594594595,0.027414424561018304,0.10962600905407414,0.027414424561018304,0.08557678930300312
1400,30,0.1,1.0,mom,740,-0.04709094580423878,-1.2816386304566847,0.8998142951380967,0.5027027027027027,-0.09434726635315668,-0.04653266594656628,-0.09434726635315668,0.0009565199710966538
1400,30,0.1,1.0,rev,740,-0.11498440515518298,-3.1379767751980667,0.9991156230735456,0.4702702702702703,-0.12043272929651652,-0.11420737051311583,-0.11047629861122121,-0.12043272929651652
1400,30,0.1,1.5,mom,740,0.026682399794372817,0.5899284270538854,0.27770948078488644,0.43243243243243246,-0.053221027772333264,0.029050502530998577,-0.053221027772333264,0.10644030954395806
1400,30,0.1,1.5,rev,740,-0.0969009200969584,-2.186959097910211,0.9854708549168578,0.3878378378378378,-0.10939424624513701,-0.10050968115260026,-0.08110781273132471,-0.10939424624513701
1400,30,0.1,2.0,mom,740,0.03749079032087948,0.7177532388628767,0.23656813765877466,0.37027027027027026,-0.035463814781865784,0.01927659649414645,-0.035463814781865784,0.1315343783540364
1400,30,0.1,2.0,rev,740,-0.09886589642378951,-1.9706218809742402,0.9754300032881388,0.3310810810810811,-0.1566595805912895,-0.07715778908609815,-0.1566595805912895,-0.06200241620893693
1400,30,0.15,1.0,mom,740,0.012689965338682007,0.35217920650857804,0.3624021384548306,0.5175675675675676,-0.042882074927032665,-0.002220149368522756,-0.042882074927032665,0.085404922921278
1400,30,0.15,1.0,rev,740,-0.10362308219451273,-2.8810598883489598,0.9979608936769476,0.47162162162162163,-0.15399072222259527,-0.0943157049512122,-0.06409707590943432,-0.15399072222259527
1400,30,0.15,1.5,mom,740,0.012087218583805185,0.27729407409849116,0.39081592896540385,0.42702702702702705,-0.02271289276749868,0.003661366762189567,-0.02271289276749868,0.05667359378027356
1400,30,0.15,1.5,rev,740,-0.08496433255234598,-1.9998439345541086,0.9770586551788811,0.4027027027027027,-0.11906880042306761,-0.07477286431725892,-0.06213724291590625,-0.11906880042306761
1400,30,0.15,2.0,mom,740,0.007485605603496448,0.15222367555984329,0.4395260350548864,0.37567567567567567,-0.0346874977133473,0.02244406074115334,0.03332893487691365,-0.0346874977133473
1400,30,0.15,2.0,rev,740,-0.06341335869686097,-1.3326627327870766,0.9084733739237255,0.37027027027027026,-0.08137933468381732,-0.046982355264347096,-0.08137933468381732,-0.062038337189789676
1400,30,0.25,1.0,mom,740,-0.012482480978427935,-0.3784276342372475,0.647389186854415,0.4905405405405405,-0.050806017108865904,-0.050806017108865904,0.012337726565324874,0.0018901169381249174
1400,30,0.25,1.0,rev,740,-0.03883414589182726,-1.1774760791311507,0.8803076956437726,0.49594594594594593,-0.07007360416397924,-0.013489997475006935,-0.07007360416397924,-0.03308309029484886
1400,30,0.25,1.5,mom,740,0.015955239504112224,0.41338589344668586,0.3397219172193689,0.4472972972972973,-0.033745498449657546,-0.029684570207485963,0.11044503823181247,-0.033745498449657546
1400,30,0.25,1.5,rev,740,-0.029983282373316718,-0.7999883156269002,0.7880126777238371,0.4540540540540541,-0.07144538883548208,0.02507453022233065,-0.07144538883548208,-0.04465925149734362
1400,30,0.25,2.0,mom,740,0.009182880274664995,0.21903082953616054,0.4133432551823256,0.4189189189189189,-0.04616944292349744,-0.04616944292349744,0.07671242933491675,-0.002659007875557682
1400,30,0.25,2.0,rev,740,-0.0029409045268612905,-0.07140339838375047,0.52845198805701,0.4391891891891892,-0.05108327308153279,0.07314167783407603,-0.05108327308153279,-0.03263974590045771
1400,30,0.4,1.0,mom,740,-0.0023082312636478193,-0.08166502495815933,0.5325323980536167,0.4810810810810811,-0.04212429264239086,-0.04212429264239086,0.0429559688380596,-0.007418979060987781
1400,30,0.4,1.0,rev,740,-0.024697092962694105,-0.8736555060354353,0.8087051532380107,0.5081081081081081,-0.07400056975657342,0.01189944289002015,-0.07400056975657342,-0.012076629286964688
1400,30,0.4,1.5,mom,740,0.009229069026304252,0.2947197669379635,0.3841453663696391,0.45675675675675675,-0.04820973372479432,-0.04820973372479432,0.06623699700766147,0.010387464674226025
1400,30,0.4,1.5,rev,740,-0.017893155166177885,-0.5724305975157381,0.7163978040505002,0.4837837837837838,-0.055490342178813774,0.01952911137540418,-0.055490342178813774,-0.018178991360382837
1400,30,0.4,2.0,mom,740,-0.01133526601764807,-0.3452738622174391,0.6350066262667765,0.43648648648648647,-0.07541646156318046,-0.07541646156318046,0.0845315011175569,-0.043246378746287895
1400,30,0.4,2.0,rev,740,-0.004360867847443895,-0.13155332486232652,0.5523132940032067,0.4783783783783784,-0.06181210521792371,0.0520505833353676,-0.06181210521792371,-0.003993097635853358
1400,60,0.1,1.0,mom,740,-0.04960784378787149,-1.350358169196907,0.911342745354033,0.5027027027027027,-0.08637330339676548,-0.08637330339676548,-0.04596016957896313,-0.015070469688190504
1400,60,0.1,1.0,rev,740,-0.11246750717155028,-3.06828047454556,0.9988841980218771,0.4702702702702703,-0.15886339538541475,-0.07436673306291663,-0.15886339538541475,-0.10440573963722935
1400,60,0.1,1.5,mom,740,0.021006438161529542,0.4645029217212372,0.3212121406628033,0.43243243243243246,-0.04645800948920249,-0.04645800948920249,0.027424133517989318,0.08466613904091423
1400,60,0.1,1.5,rev,740,-0.09122495846411512,-2.057605409446196,0.9800108413450861,0.3878378378378378,-0.1617529740216473,-0.025001169132399186,-0.1617529740216473,-0.08762007574209318
1400,60,0.1,2.0,mom,740,0.019293655313350637,0.3712583665623126,0.35527575656357724,0.3675675675675676,-0.07297552238692892,-0.07297552238692892,0.002510782741987036,0.13266177149786662
1400,60,0.1,2.0,rev,740,-0.08066876141626068,-1.5973295378455592,0.9446901254930171,0.33378378378378376,-0.19463417811514233,0.015094329794977218,-0.19463417811514233,-0.06312980935276716
1400,60,0.15,1.0,mom,740,0.02229902577781285,0.6192822799561205,0.26796064041536777,0.527027027027027,-0.0731399295490961,-0.0731399295490961,0.07002115087941896,0.07258985881455902
1400,60,0.15,1.0,rev,740,-0.11323214263364355,-3.150031939877691,0.9991508482626488,0.46216216216216216,-0.17700030171588593,-0.02339592477063886,-0.17700030171588593,-0.1411756581158763
1400,60,0.15,1.5,mom,740,0.024805907587714983,0.569541528040212,0.2845808865488775,0.4391891891891892,-0.0991833725827027,-0.0991833725827027,0.09584721433545869,0.08083522397499462
1400,60,0.15,1.5,rev,740,-0.09768302155625579,-2.2996333688246615,0.9891265359068667,0.39054054054054055,-0.18069735001886364,0.028071875027633326,-0.18069735001886364,-0.14323043061778867
1400,60,0.15,2.0,mom,740,0.03903947203414816,0.789700934709011,0.21497787502759838,0.3945945945945946,-0.04125343779806377,-0.04125343779806377,0.13327795843286525,0.025688334030012718
1400,60,0.15,2.0,rev,740,-0.09496722512751271,-2.01114520106848,0.9776636039670134,0.35135135135135137,-0.18132835823976892,0.016715143274870017,-0.18132835823976892,-0.1224141689331497
1400,60,0.25,1.0,mom,740,-0.008147596267890344,-0.2470542123635803,0.5975325575070223,0.504054054054054,-0.11117542557314825,-0.11117542557314825,0.07898989446354694,0.009486791508969755
1400,60,0.25,1.0,rev,740,-0.043169030602364857,-1.3088855165463191,0.9045100010541814,0.48243243243243245,-0.13672577206220132,0.046879410989275394,-0.13672577206220132,-0.04067976486569371
1400,60,0.25,1.5,mom,740,0.01393063087793591,0.36239931507543305,0.3585786319989785,0.4581081081081081,-0.061179410848386254,-0.061179410848386254,0.1452967168146608,-0.04302442654530436
1400,60,0.25,1.5,rev,740,-0.027958673747140412,-0.742726158935434,0.7710582447218416,0.44324324324324327,-0.1062970674183304,0.05656937086323094,-0.1062970674183304,-0.03538032340169681
1400,60,0.25,2.0,mom,740,0.023182237966969884,0.5544982169443834,0.2897028460483996,0.4391891891891892,-0.039498812542082574,-0.039498812542082574,0.14135259093358082,-0.033138524929077186
1400,60,0.25,2.0,rev,740,-0.01694026221916619,-0.41023124617356604,0.6591223883877682,0.4189189189189189,-0.11572343468019687,0.06647104745266118,-0.11572343468019687,-0.00216022884693821
1400,60,0.4,1.0,mom,740,0.011040965393791107,0.3908219849358163,0.34802073204105044,0.504054054054054,-0.03977816037455021,-0.03977816037455021,0.08268707424686496,-0.009758347584253067
1400,60,0.4,1.0,rev,740,-0.038046289620133025,-1.3463023053325711,0.9106910786483388,0.4851351351351351,-0.11373167516537878,0.009553310622179487,-0.11373167516537878,-0.009737260763699403
1400,60,0.4,1.5,mom,740,0.029745065563488392,0.950963971421167,0.17096678513814031,0.4851351351351351,-0.016722498040559045,-0.016722498040559045,0.1067453982439903,-0.0010961130263396704
1400,60,0.4,1.5,rev,740,-0.03840915170336204,-1.2290215406767087,0.8902725359977934,0.4554054054054054,-0.0959987434151426,-0.011958124308831104,-0.0959987434151426,-0.006695413659817138
1400,60,0.4,2.0,mom,740,0.013341146068868086,0.4073067999233429,0.34195031111180907,0.46621621621621623,-0.06235034327950178,-0.01674208089743577,0.11734331905878505,-0.06235034327950178
1400,60,0.4,2.0,rev,740,-0.029037279933960037,-0.8744692069558428,0.8089265605891895,0.4486486486486487,-0.09462392315915186,-0.0066237973303770944,-0.09462392315915186,0.015110866897360528
1500,10,0.1,1.0,mom,740,-0.10834303702713728,-2.9875025042168932,0.9985471143758885,0.47162162162162163,-0.1432539081841865,-0.12429851336330958,-0.05826906723186264,-0.1432539081841865
1500,10,0.1,1.0,rev,740,-0.034775480258364945,-0.9566020546012973,0.8304595107507169,0.5094594594594595,-0.09006215025363842,-0.020437922681282385,-0.09006215025363842,0.007184549646116749
1500,10,0.1,1.5,mom,740,-0.09628868298854064,-2.2115034415268515,0.9863468529775475,0.3891891891891892,-0.14206191315457958,-0.0868594733786304,-0.06135071178721839,-0.14206191315457958
1500,10,0.1,1.5,rev,740,-0.05945121701015073,-1.368124211166053,0.9141554858243827,0.4081081081081081,-0.11147654766870177,-0.06240334410391788,-0.11147654766870177,-0.0028401551684236717
1500,10,0.1,2.0,mom,740,-0.0633362995688518,-1.2802920279299281,0.8995779182017121,0.3527027027027027,-0.08895271405422268,-0.05850636168827278,-0.04333129358921852,-0.08895271405422268
1500,10,0.1,2.0,rev,740,-0.08865516775353886,-1.8380671388847987,0.9667731350225037,0.35135135135135137,-0.16009630298801222,-0.16009630298801222,-0.11937035798515812,0.017357662625276
1500,10,0.15,1.0,mom,740,-0.02746334391200285,-0.7932936941635045,0.7860693235116532,0.49864864864864866,-0.06166864081862376,-0.02023402990461131,-0.0015402844820013879,-0.06166864081862376
1500,10,0.15,1.0,rev,740,-0.05263368562968333,-1.5193622539471636,0.9354504826854324,0.4918918918918919,-0.08928267771263373,-0.06032067247837033,-0.08928267771263373,-0.006914251042164095
1500,10,0.15,1.5,mom,740,-0.016870066261650992,-0.4145537284867395,0.6607055333020229,0.4283783783783784,-0.03384413756222799,-0.03384413756222799,0.002267218905652007,-0.018884816573046515
1500,10,0.15,1.5,rev,740,-0.07370881622366267,-1.8533775783863202,0.9678866820306218,0.41621621621621624,-0.1702305197040612,-0.1702305197040612,-0.09660911091646325,0.050383385674240104
1500,10,0.15,2.0,mom,740,-0.01725205217044552,-0.3831028265983118,0.6491231517740143,0.3945945945945946,-0.03353164895227999,-0.03353164895227999,0.0028362792949684786,-0.02096876342016425
1500,10,0.15,2.0,rev,740,-0.06587902628674808,-1.5126590824216737,0.9346031036309452,0.3891891891891892,-0.16555355103893957,-0.16555355103893957,-0.12239357588960566,0.09608742190540435
1500,10,0.25,1.0,mom,740,5.2161938910084335e-05,0.0017527944573042047,0.49930097305791565,0.4972972972972973,-0.05716086894562031,0.05314842489230159,0.0019117524303235863,-0.05716086894562031
1500,10,0.25,1.0,rev,740,-0.04865092020446231,-1.6339527571964783,0.9486526603891183,0.4851351351351351,-0.10148124632209057,-0.10148124632209057,-0.059631336198717556,0.017670884866491997
1500,10,0.25,1.5,mom,740,0.027311147591807753,0.8021895074034804,0.21135061448775863,0.4689189189189189,-0.031051097751699116,0.0879343824786361,0.02266949102403048,-0.031051097751699116
1500,10,0.25,1.5,rev,740,-0.03917256017161235,-1.1849149236668717,0.8817840013535378,0.4554054054054054,-0.12203663839326272,-0.12203663839326272,-0.05480659179740233,0.06321799367415593
1500,10,0.25,2.0,mom,740,0.04930803927010418,1.3386970988331328,0.09054048500931758,0.4608108108108108,-0.008659071891049924,0.10855167336366461,0.04567869101346897,-0.008659071891049924
1500,10,0.25,2.0,rev,740,-0.029955642254456193,-0.8490911199688402,0.8019472222480731,0.44594594594594594,-0.10787874306843286,-0.10787874306843286,-0.05746375154511697,0.07950788226169325
1500,10,0.4,1.0,mom,740,0.012401712249475854,0.5180467793413182,0.3022903426031074,0.4945945945945946,-0.0544262395641853,0.06815917362756521,0.0209114444317013,-0.0544262395641853
1500,10,0.4,1.0,rev,740,-0.03939755778706763,-1.6446545217270696,0.949766823858311,0.4837837837837838,-0.09836718702118333,-0.09836718702118333,-0.05194586170630237,0.03493172150643135
1500,10,0.4,1.5,mom,740,0.018750943244569475,0.7178650698155907,0.23653367667292804,0.4810810810810811,-0.05777504438630587,0.09696549853382501,0.013956224056818765,-0.05777504438630587
1500,10,0.4,1.5,rev,740,-0.03899088602177615,-1.52279002197008,0.9358804874545615,0.47162162162162163,-0.08428903840546112,-0.08428903840546112,-0.06746026433158099,0.037483147460118174
1500,10,0.4,2.0,mom,740,0.02258391559293999,0.8392194978544881,0.20080876817613366,0.4797297297297297,-0.05418003387207332,0.10154718245420664,0.017262673007820143,-0.05418003387207332
1500,10,0.4,2.0,rev,740,-0.042200051890193845,-1.5996132442609807,0.9449440916123605,0.46621621621621623,-0.07479956095002814,-0.06837493973883434,-0.07479956095002814,0.018607313656891916
1500,30,0.1,1.0,mom,739,-0.04904044128064143,-1.3499910969098983,0.9112836333677012,0.503382949932341,-0.15207455468567416,-0.048117847781301064,0.049736237142235275,-0.15207455468567416
1500,30,0.1,1.0,rev,739,-0.09417161494698036,-2.5891626800120213,0.9950947413603464,0.4776725304465494,-0.19806745462773634,-0.0966185882632909,-0.19806745462773634,0.015746545649775564
1500,30,0.1,1.5,mom,739,-0.026931961866697197,-0.6117732199001185,0.7295618879949288,0.41948579161028415,-0.11162784993441544,-0.037389270965027796,0.06561560958464699,-0.11162784993441544
1500,30,0.1,1.5,rev,739,-0.12959514606290018,-3.017915197903764,0.998683609531552,0.37753721244925575,-0.23844286904056716,-0.11187354651752048,-0.23844286904056716,-0.03565300517718723
1500,30,0.1,2.0,mom,739,-0.011134793658844589,-0.22336649228100275,0.5883439533488539,0.37483085250338294,-0.09179722271710397,-0.049657293330626996,0.10591411921050876,-0.09179722271710397
1500,30,0.1,2.0,rev,739,-0.1423153992768928,-2.9797559594878202,0.9985102558838869,0.32882273342354534,-0.2686157707848854,-0.168945371345658,-0.2686157707848854,0.016045497069949777
1500,30,0.15,1.0,mom,739,0.029751560095822374,0.860879111339048,0.19479211165616633,0.5317997293640054,-0.01759442561819339,0.005188506107136722,0.10043044365438641,-0.01759442561819339
1500,30,0.15,1.0,rev,739,-0.10989022455429105,-3.1798738171326058,0.9992325150571377,0.4587280108254398,-0.19125340584902153,-0.08574320849011835,-0.19125340584902153,-0.05106869151685013
1500,30,0.15,1.5,mom,739,0.02558661657855973,0.6294331427568961,0.26463016142939044,0.4519621109607578,-0.042167540441293255,-0.042167540441293255,0.1004091556186091,0.019129548787104992
1500,30,0.15,1.5,rev,739,-0.11689790780060666,-2.944180434881595,0.9983300913912436,0.39242219215155616,-0.19475104762942033,-0.16190711682499592,-0.19475104762942033,0.01062246779384119
1500,30,0.15,2.0,mom,739,0.024476887591317373,0.5422402622588126,0.2939083451113747,0.41542625169147496,-0.04666574631470588,-0.04666574631470588,0.0926620077905558,0.02842226801215364
1500,30,0.15,2.0,rev,739,-0.10709424708218697,-2.4665982661825105,0.9930667644714772,0.3680649526387009,-0.21221930438519299,-0.15241945367651366,-0.21221930438519299,0.04893759069415259
1500,30,0.25,1.0,mom,739,0.018575674580346122,0.6238987730760465,0.26644342942638055,0.5155615696887687,-0.032733717200795764,0.014641545804833048,0.07221164373408738,-0.032733717200795764
1500,30,0.25,1.0,rev,739,-0.06720014524460187,-2.256773892569264,0.9878430405956832,0.4668470906630582,-0.12993122750248137,-0.06297436723462203,-0.12993122750248137,-0.006797486413563683
1500,30,0.25,1.5,mom,739,0.03689072570821995,1.0894540532568198,0.13815465832288074,0.4844384303112314,0.003735038926132046,0.009195188097552917,0.09700743848232686,0.003735038926132046
1500,30,0.25,1.5,rev,739,-0.04872813844628726,-1.463165614895368,0.9280760904609955,0.4397834912043302,-0.12914453925569871,-0.043297444012179546,-0.12914453925569871,0.028689207794433572
1500,30,0.25,2.0,mom,739,0.05891226638927914,1.6086702237977855,0.054058070185023,0.476319350473613,0.01750429314069185,0.035828098818298806,0.12234791009886385,0.01750429314069185
1500,30,0.25,2.0,rev,739,-0.03949363162987025,-1.1106439460312625,0.8664583187748389,0.43031123139377536,-0.13413297063051188,-0.03515516852306704,-0.13413297063051188,0.053763042671594395
1500,30,0.4,1.0,mom,739,0.00871418667457822,0.36340253187134564,0.3582041400482215,0.5060893098782138,-0.03183456155902828,-0.0002567753316500254,0.0570343924795333,-0.03183456155902828
1500,30,0.4,1.0,rev,739,-0.035721530907397075,-1.4892618363889865,0.9315771811583464,0.4722598105548038,-0.08806880975413436,-0.02995123806196808,-0.08806880975413436,0.012335892633386965
1500,30,0.4,1.5,mom,739,0.009252614536956194,0.3563326220909714,0.3608466632793078,0.4925575101488498,-0.06175166959107602,0.026422915581765304,0.060588431587281395,-0.06175166959107602
1500,30,0.4,1.5,rev,739,-0.029494914057075477,-1.14090587578191,0.8728604088078077,0.46008119079837617,-0.11409247186204362,-0.01374645545340142,-0.11409247186204362,0.04145229938504916
1500,30,0.4,2.0,mom,739,0.0191780277347074,0.7071597732658638,0.23984521176000687,0.4912043301759134,-0.05688389342691545,0.03830160114562855,0.07343143157603113,-0.05688389342691545
1500,30,0.4,2.0,rev,739,-0.038795676652438216,-1.478085116434605,0.9300941803964294,0.4546684709066306,-0.13096831951823912,-0.005129358430256235,-0.13096831951823912,0.021240029834857406
1500,60,0.1,1.0,mom,740,-0.06714125440539051,-1.8488708158918306,0.967562152646652,0.4945945945945946,-0.10720428498684632,-0.07244176250770261,-0.022844408019055046,-0.10720428498684632
1500,60,0.1,1.0,rev,740,-0.07597726288011172,-2.089954940179066,0.9815184350123565,0.4864864864864865,-0.125486809466446,-0.07229467353688934,-0.125486809466446,-0.02886507355122341
1500,60,0.1,1.5,mom,740,-0.057241469897222126,-1.3086265529932277,0.9044661489482947,0.40945945945945944,-0.0833565543518987,-0.037949112814133615,-0.05138923713221468,-0.0833565543518987
1500,60,0.1,1.5,rev,740,-0.09849843010146925,-2.27748411008623,0.9884789037432472,0.3878378378378378,-0.12143802232370549,-0.11131370466841466,-0.12143802232370549,-0.06154551397110453
1500,60,0.1,2.0,mom,740,-0.050648299874933946,-1.0274285565372725,0.8477225609973731,0.36486486486486486,-0.08731186440721293,-0.08731186440721293,-0.005936973138347104,-0.058473421588923616
1500,60,0.1,2.0,rev,740,-0.10134316744745671,-2.0939888672684175,0.9816994444740873,0.33918918918918917,-0.15676467843602954,-0.13129080026907206,-0.15676467843602954,-0.013121629840023056
1500,60,0.15,1.0,mom,740,0.005362735817981931,0.15500206545016096,0.43843100675516616,0.5243243243243243,-0.007082289460740215,0.013349725678582077,0.009372883548471437,-0.007082289460740215
1500,60,0.15,1.0,rev,740,-0.08545976535966811,-2.470714606863472,0.9931455440246714,0.46621621621621623,-0.10019584574310655,-0.09390442806156371,-0.10019584574310655,-0.06150060240004764
1500,60,0.15,1.5,mom,740,-0.010126139856080277,-0.2512205815885918,0.5991432948450633,0.4445945945945946,-0.0666663896856811,-0.0666663896856811,0.011846322708350322,0.026149511559899044
1500,60,0.15,1.5,rev,740,-0.0804527426292334,-2.003929935284258,0.9772789531458014,0.4,-0.13740826758060806,-0.13740826758060806,-0.10618821471916157,0.005349057541294551
1500,60,0.15,2.0,mom,740,-0.015705688191511653,-0.3525079995665567,0.6377210850642876,0.4081081081081081,-0.07220313758474403,-0.07220313758474403,0.01756963218318431,0.008894230251545277
1500,60,0.15,2.0,rev,740,-0.06742539026568194,-1.5310519735814376,0.9369077566373591,0.37567567567567567,-0.13712692877782148,-0.12688206240647554,-0.13712692877782148,0.06622442823369483
1500,60,0.25,1.0,mom,740,-0.011161585337860035,-0.37491651921706404,0.6460849393058643,0.5108108108108108,-0.0448571145611497,0.004093807965638298,0.006142926047763868,-0.0448571145611497
1500,60,0.25,1.0,rev,740,-0.0374371729276922,-1.2570174230219178,0.8954277672294149,0.47162162162162163,-0.06386250981615783,-0.05242662939542727,-0.06386250981615783,0.005367130482021382
1500,60,0.25,1.5,mom,740,0.0053499458704164594,0.1591441084964289,0.4367994099579971,0.4797297297297297,-0.02735106978371039,0.0006554543159363118,0.041879228744686955,-0.02735106978371039
1500,60,0.25,1.5,rev,740,-0.017211358450221065,-0.5132392300523031,0.6960313091760989,0.4445945945945946,-0.07401632951805881,-0.03475771023056294,-0.07401632951805881,0.0595179657061672
1500,60,0.25,2.0,mom,740,0.013548612423939552,0.37823208678213766,0.352683406226456,0.4702702702702703,-0.04218560041765859,0.032372272031676426,0.048658316993629866,-0.04218560041765859
1500,60,0.25,2.0,rev,740,0.005803784591708435,0.15959966770625145,0.4366200253417978,0.43648648648648647,-0.06044337752527787,-0.03169934173644466,-0.06044337752527787,0.11303441078830191
1500,60,0.4,1.0,mom,740,-0.00951491258372387,-0.3971745233454442,0.6543232754162637,0.5054054054054054,-0.07238271380236817,-0.004431785331260421,0.04643377755065096,-0.07238271380236817
1500,60,0.4,1.0,rev,740,-0.01748093295386791,-0.7291386682311913,0.7669260699608584,0.47297297297297297,-0.07746819482525204,-0.025776228062357687,-0.07746819482525204,0.05288819574461422
1500,60,0.4,1.5,mom,740,-0.01253682630498989,-0.48829604937166876,0.687257494021642,0.4918918918918919,-0.10187929761168694,0.024817847945969668,0.03647733638824859,-0.10187929761168694
1500,60,0.4,1.5,rev,740,-0.007703116472216776,-0.295196969593139,0.6160368341611839,0.4608108108108108,-0.08998137666301081,-0.012141387817605785,-0.08998137666301081,0.08158740068549926
1500,60,0.4,2.0,mom,740,-0.009243863075050264,-0.3477913924542408,0.6359520543091595,0.48783783783783785,-0.10839193019440486,0.03363686205591916,0.043706226311607574,-0.10839193019440486
1500,60,0.4,2.0,rev,740,-0.010372273222203592,-0.38747623922936275,0.6507423791923391,0.4581081081081081,-0.10124311425381557,-0.000464619340546852,-0.10124311425381557,0.07281920997922348
