cuenta,stop,ratio,micros,mitad,riesgo,pasan,cobran,EV
25K,0.3,1.0,1,diseno,180,2.9133333333333336,0.8866666666666667,18.37981183867754
25K,0.3,1.0,1,control,180,3.506666666666667,1.9933333333333334,118.60285096449398
25K,0.3,1.0,2,diseno,360,3.453333333333333,1.3133333333333332,139.1915473419952
25K,0.3,1.0,2,control,360,3.5,0.8333333333333334,-3.326282805042524
25K,0.3,1.0,3,diseno,540,4.14,1.0333333333333334,179.16204834988264
25K,0.3,1.0,3,control,540,3.7866666666666666,0.84,21.532208691315546
25K,0.3,1.5,1,diseno,180,4.486666666666666,1.9333333333333333,189.0651026596022
25K,0.3,1.5,1,control,180,5.02,2.6466666666666665,178.28607635473298
25K,0.3,1.5,2,diseno,360,4.14,1.42,139.7259395842708
25K,0.3,1.5,2,control,360,3.98,0.9733333333333334,61.050883122422306
25K,0.3,1.5,3,diseno,540,2.9466666666666668,0.68,71.0090046364283
25K,0.3,1.5,3,control,540,2.6933333333333334,0.3466666666666667,0.7215796484221357
25K,0.3,2.0,1,diseno,180,4.6,1.6,124.03886915053816
25K,0.3,2.0,1,control,180,4.693333333333333,1.9466666666666668,84.61716461504308
25K,0.3,2.0,2,diseno,360,3.6533333333333333,1.3,169.820492731569
25K,0.3,2.0,2,control,360,3.453333333333333,0.8066666666666666,47.52919087498691
25K,0.3,2.0,3,diseno,540,2.453333333333333,0.56,71.82845464821055
25K,0.3,2.0,3,control,540,2.0733333333333333,0.26,-0.6879142600711532
25K,0.3,2.5,1,diseno,180,4.886666666666667,1.6733333333333333,116.28307270856006
25K,0.3,2.5,1,control,180,4.94,2.0733333333333333,106.27364224828914
25K,0.3,2.5,2,diseno,360,3.6466666666666665,0.82,90.92852995543718
25K,0.3,2.5,2,control,360,3.046666666666667,0.48,46.93226044503763
25K,0.3,2.5,3,diseno,540,2.3133333333333335,0.5,62.26702627307586
25K,0.3,2.5,3,control,540,1.78,0.18666666666666668,-3.3559463820765814
25K,0.3,3.0,1,diseno,180,4.946666666666666,1.84,141.08696047954203
25K,0.3,3.0,1,control,180,4.913333333333333,2.1133333333333333,137.4375636207908
25K,0.3,3.0,2,diseno,360,3.2133333333333334,0.88,123.44437629109932
25K,0.3,3.0,2,control,360,2.46,0.3,-9.115781405540353
25K,0.3,3.0,3,diseno,540,2.2333333333333334,0.38,43.827504378328996
25K,0.3,3.0,3,control,540,1.86,0.10666666666666667,-27.467071164290616
25K,0.4,1.0,1,diseno,240,4.6,1.9133333333333333,133.63317918560443
25K,0.4,1.0,1,control,240,4.026666666666666,1.6666666666666667,85.69786689523828
25K,0.4,1.0,2,diseno,480,3.92,1.16,81.13592238241252
25K,0.4,1.0,2,control,480,4.206666666666667,0.9533333333333334,66.92044668013139
25K,0.4,1.0,3,diseno,720,3.1466666666666665,0.9733333333333334,149.93995781456636
25K,0.4,1.0,3,control,720,3.02,0.4066666666666667,13.633526314475432
25K,0.4,1.5,1,diseno,240,4.46,1.76,115.73629956078007
25K,0.4,1.5,1,control,240,4.386666666666667,2.2933333333333334,184.16498867880466
25K,0.4,1.5,2,diseno,480,3.2133333333333334,1.0066666666666666,146.77990393885807
25K,0.4,1.5,2,control,480,3.3666666666666667,0.6,43.529923484554345
25K,0.4,1.5,3,diseno,720,2.1,0.4666666666666667,25.75041364053044
25K,0.4,1.5,3,control,720,2.14,0.16,11.5
25K,0.4,2.0,1,diseno,240,5.166666666666667,2.046666666666667,156.78875616889889
25K,0.4,2.0,1,control,240,5.46,2.26,182.84315765372355
25K,0.4,2.0,2,diseno,480,2.92,0.8333333333333334,83.5121640582616
25K,0.4,2.0,2,control,480,2.7333333333333334,0.37333333333333335,3.658723913694452
25K,0.4,2.0,3,diseno,720,2.12,0.38,42.10000000000001
25K,0.4,2.0,3,control,720,1.7466666666666666,0.23333333333333334,5.206702077785906
25K,0.4,2.5,1,diseno,240,4.333333333333333,1.5466666666666666,125.63470355935532
25K,0.4,2.5,1,control,240,4.86,1.7533333333333334,75.46146898590256
25K,0.4,2.5,2,diseno,480,2.8533333333333335,0.52,37.61011012845378
25K,0.4,2.5,2,control,480,2.2133333333333334,0.31333333333333335,8.358417132177706
25K,0.4,2.5,3,diseno,720,1.88,0.3933333333333333,31.900000000000006
25K,0.4,2.5,3,control,720,1.9933333333333334,0.32,32.896889163376045
25K,0.4,3.0,1,diseno,240,4.046666666666667,1.5333333333333334,99.61701437190844
25K,0.4,3.0,1,control,240,4.286666666666667,1.2,28.390612900142358
25K,0.4,3.0,2,diseno,480,3.1066666666666665,0.7333333333333333,73.85676714611343
25K,0.4,3.0,2,control,480,2.1333333333333333,0.2866666666666667,2.4839174228274032
25K,0.4,3.0,3,diseno,720,2.06,0.32666666666666666,16.299999999999997
25K,0.4,3.0,3,control,720,1.9466666666666668,0.26,3.2426640154569597
25K,0.5,1.0,1,diseno,300,3.7066666666666666,1.4533333333333334,63.547955377294244
25K,0.5,1.0,1,control,300,3.7933333333333334,1.5666666666666667,91.34700536099582
25K,0.5,1.0,2,diseno,600,3.1333333333333333,0.76,78.3956543200713
25K,0.5,1.0,2,control,600,3.6866666666666665,0.8466666666666667,23.94788794671284
25K,0.5,1.0,3,diseno,900,2.3266666666666667,0.37333333333333335,28.43711858130851
25K,0.5,1.0,3,control,900,2.1933333333333334,0.24,-8.43303731768168
25K,0.5,1.5,1,diseno,300,4.026666666666666,1.6866666666666668,97.23554101788169
25K,0.5,1.5,1,control,300,4.786666666666667,1.7066666666666668,109.513037705005
25K,0.5,1.5,2,diseno,600,2.7,0.54,35.305026908290316
25K,0.5,1.5,2,control,600,2.64,0.5,43.548792716383375
25K,0.5,1.5,3,diseno,900,2.1533333333333333,0.44,61.3
25K,0.5,1.5,3,control,900,1.7666666666666666,0.15333333333333332,-8.20783632666533
25K,0.5,2.0,1,diseno,300,3.98,1.62,78.56069925396422
25K,0.5,2.0,1,control,300,4.926666666666667,1.7666666666666666,123.88550913621002
25K,0.5,2.0,2,diseno,600,2.5,0.3333333333333333,29.62751622106336
25K,0.5,2.0,2,control,600,2.04,0.32,34.2336007361594
25K,0.5,2.0,3,diseno,900,2.026666666666667,0.4066666666666667,53.79547922877896
25K,0.5,2.0,3,control,900,1.8266666666666667,0.26666666666666666,25.864088776766053
25K,0.5,2.5,1,diseno,300,3.5,1.6,127.54580176092433
25K,0.5,2.5,1,control,300,4.413333333333333,1.4333333333333333,106.14286518692539
25K,0.5,2.5,2,diseno,600,2.513333333333333,0.35333333333333333,0.6470770310958045
25K,0.5,2.5,2,control,600,1.92,0.54,91.79265553171233
25K,0.5,2.5,3,diseno,900,1.8933333333333333,0.42,27.700000000000003
25K,0.5,2.5,3,control,900,1.6866666666666668,0.24,6.100000000000001
25K,0.5,3.0,1,diseno,300,3.02,1.04,62.69547095486304
25K,0.5,3.0,1,control,300,3.88,0.8,65.79986979993338
25K,0.5,3.0,2,diseno,600,2.2333333333333334,0.3333333333333333,15.393544841889337
25K,0.5,3.0,2,control,600,1.8933333333333333,0.32666666666666666,41.48514969526737
25K,0.5,3.0,3,diseno,900,2.16,0.34,15.700000000000003
25K,0.5,3.0,3,control,900,1.7933333333333332,0.20666666666666667,-8.765965296999916
25K,0.6,1.0,1,diseno,360,3.7333333333333334,1.4266666666666667,113.70628028553325
25K,0.6,1.0,1,control,360,4.453333333333333,2.3266666666666667,167.12122099121473
25K,0.6,1.0,2,diseno,720,3.2466666666666666,0.72,82.1831648897933
25K,0.6,1.0,2,control,720,3.2066666666666666,0.68,29.285158227886157
25K,0.6,1.0,3,diseno,1080,1.72,0.24,-2.2519399662467663
25K,0.6,1.0,3,control,1080,1.42,0.18,-10.699999999999996
25K,0.6,1.5,1,diseno,360,3.8933333333333335,1.6666666666666667,139.5946689003129
25K,0.6,1.5,1,control,360,4.4,1.58,160.29796556193764
25K,0.6,1.5,2,diseno,720,2.32,0.48,53.827210327214445
25K,0.6,1.5,2,control,720,2.3066666666666666,0.4866666666666667,57.647521593328406
25K,0.6,1.5,3,diseno,1080,1.7733333333333334,0.2733333333333333,22.856843268638016
25K,0.6,1.5,3,control,1080,1.66,0.21333333333333335,14.930721224444895
25K,0.6,2.0,1,diseno,360,3.1666666666666665,1.66,125.53424068227709
25K,0.6,2.0,1,control,360,3.66,1.1,70.00695867702936
25K,0.6,2.0,2,diseno,720,2.3266666666666667,0.6466666666666666,58.13123261435476
25K,0.6,2.0,2,control,720,2.3666666666666667,0.43333333333333335,62.846471553642886
25K,0.6,2.0,3,diseno,1080,1.92,0.38666666666666666,16.900000000000006
25K,0.6,2.0,3,control,1080,1.5866666666666667,0.22,18.10000000000001
25K,0.6,2.5,1,diseno,360,3.066666666666667,1.08,62.94887196727592
25K,0.6,2.5,1,control,360,3.473333333333333,0.9666666666666667,112.45741162772948
25K,0.6,2.5,2,diseno,720,2.2533333333333334,0.5933333333333334,50.95999070236017
25K,0.6,2.5,2,control,720,2.2866666666666666,0.42,80.90617028903951
25K,0.6,2.5,3,diseno,1080,1.8,0.3333333333333333,-2.015493186562047
25K,0.6,2.5,3,control,1080,1.42,0.24,12.859360524647549
25K,0.6,3.0,1,diseno,360,3.22,1.3666666666666667,108.18080343518987
25K,0.6,3.0,1,control,360,3.1066666666666665,1.0533333333333332,134.90688858448442
25K,0.6,3.0,2,diseno,720,2.34,0.5866666666666667,72.71780333175347
25K,0.6,3.0,2,control,720,2.14,0.28,41.10210100398899
25K,0.6,3.0,3,diseno,1080,1.9133333333333333,0.35333333333333333,7.394835604479326
25K,0.6,3.0,3,control,1080,1.3733333333333333,0.15333333333333332,-9.075360755749472
25K,0.8,1.0,1,diseno,480,3.8533333333333335,1.3,113.87663638446902
25K,0.8,1.0,1,control,480,4.593333333333334,2.1533333333333333,124.17392646739721
25K,0.8,1.0,2,diseno,960,2.6333333333333333,0.5866666666666667,31.696455773258776
25K,0.8,1.0,2,control,960,2.28,0.3933333333333333,12.609177080727513
25K,0.8,1.0,3,diseno,1440,1.8333333333333333,0.25333333333333335,0.7000000000000028
25K,0.8,1.0,3,control,1440,1.5933333333333333,0.20666666666666667,-9.122250893119059
25K,0.8,1.5,1,diseno,480,3.6933333333333334,1.0466666666666666,25.647263132508712
25K,0.8,1.5,1,control,480,4.066666666666666,1.02,64.89792358831113
25K,0.8,1.5,2,diseno,960,2.7,0.49333333333333335,27.584537117464464
25K,0.8,1.5,2,control,960,2.3866666666666667,0.4,30.051564930481646
25K,0.8,1.5,3,diseno,1440,1.6333333333333333,0.11333333333333333,-26.9
25K,0.8,1.5,3,control,1440,1.4133333333333333,0.12666666666666668,-6.9445017862381135
25K,0.8,2.0,1,diseno,480,3.2266666666666666,1.06,38.54826324421781
25K,0.8,2.0,1,control,480,3.6733333333333333,1.2533333333333334,102.53475579822246
25K,0.8,2.0,2,diseno,960,2.5866666666666664,0.34,5.3532318978445375
25K,0.8,2.0,2,control,960,2.1666666666666665,0.3466666666666667,21.91891141466766
25K,0.8,2.0,3,diseno,1440,1.56,0.16666666666666666,-11.899999999999999
25K,0.8,2.0,3,control,1440,1.2866666666666666,0.12666666666666668,-9.833376339678594
25K,0.8,2.5,1,diseno,480,3.24,1.04,42.128917086649395
25K,0.8,2.5,1,control,480,3.513333333333333,1.3,121.78540138605838
25K,0.8,2.5,2,diseno,960,2.5,0.30666666666666664,5.568754458668273
25K,0.8,2.5,2,control,960,2.2533333333333334,0.43333333333333335,36.867283833872534
25K,0.8,2.5,3,diseno,1440,1.68,0.15333333333333332,-17.299999999999997
25K,0.8,2.5,3,control,1440,1.26,0.09333333333333334,-30.189003572476235
25K,0.8,3.0,1,diseno,480,3.0866666666666664,1.0866666666666667,42.73338190367983
25K,0.8,3.0,1,control,480,3.526666666666667,1.2133333333333334,100.29749941088029
25K,0.8,3.0,2,diseno,960,2.506666666666667,0.5066666666666667,41.092153226014844
25K,0.8,3.0,2,control,960,2.16,0.5,60.96282676457008
25K,0.8,3.0,3,diseno,1440,1.4133333333333333,0.12,-22.099999999999998
25K,0.8,3.0,3,control,1440,1.1466666666666667,0.06666666666666667,-30.722250893119057
50K,0.3,1.0,1,diseno,180,5.3,0.0,-90.2
50K,0.3,1.0,1,control,180,3.28,0.0,-90.2
50K,0.3,1.0,2,diseno,360,2.2466666666666666,1.3733333333333333,83.68950468915936
50K,0.3,1.0,2,control,360,3.34,2.5,111.78419900402336
50K,0.3,1.0,3,diseno,540,3.32,1.66,208.1602939393673
50K,0.3,1.0,3,control,540,3.3666666666666667,1.7,79.20728330305609
50K,0.3,1.0,4,diseno,720,2.82,1.2266666666666666,257.4954581014821
50K,0.3,1.0,4,control,720,2.7933333333333334,0.9066666666666666,5.949192275513042
50K,0.3,1.5,1,diseno,180,6.426666666666667,5.473333333333334,843.5049865235305
50K,0.3,1.5,1,control,180,5.24,4.086666666666667,215.68779777777672
50K,0.3,1.5,2,diseno,360,3.8066666666666666,2.2466666666666666,259.4266434099387
50K,0.3,1.5,2,control,360,5.273333333333333,3.26,221.83345338633268
50K,0.3,1.5,3,diseno,540,4.02,1.9933333333333334,304.561631631647
50K,0.3,1.5,3,control,540,4.426666666666667,1.5733333333333333,71.89333601799517
50K,0.3,1.5,4,diseno,720,3.566666666666667,1.3666666666666667,238.84327450273275
50K,0.3,1.5,4,control,720,3.6466666666666665,0.74,34.37402789594536
50K,0.3,2.0,1,diseno,180,5.04,3.7066666666666666,389.9917451620126
50K,0.3,2.0,1,control,180,5.293333333333333,4.153333333333333,220.993281779992
50K,0.3,2.0,2,diseno,360,4.053333333333334,1.92,230.759935465755
50K,0.3,2.0,2,control,360,3.98,1.7533333333333334,76.10917274100687
50K,0.3,2.0,3,diseno,540,3.7333333333333334,1.7133333333333334,383.71922902305937
50K,0.3,2.0,3,control,540,3.74,1.1866666666666668,121.60895485571065
50K,0.3,2.0,4,diseno,720,3.84,1.3,473.00399090109994
50K,0.3,2.0,4,control,720,3.3,0.66,119.71982369928703
50K,0.3,2.5,1,diseno,180,7.033333333333333,4.886666666666667,463.2971580108786
50K,0.3,2.5,1,control,180,5.773333333333333,3.506666666666667,145.85695472624542
50K,0.3,2.5,2,diseno,360,4.3533333333333335,2.3066666666666666,248.3381716619087
50K,0.3,2.5,2,control,360,4.433333333333334,2.1133333333333333,156.66910059892302
50K,0.3,2.5,3,diseno,540,4.013333333333334,1.5133333333333334,323.64519226685206
50K,0.3,2.5,3,control,540,3.9133333333333336,1.22,138.08761155102036
50K,0.3,2.5,4,diseno,720,3.68,1.2466666666666666,280.5388608195345
50K,0.3,2.5,4,control,720,3.44,0.86,242.53887789481735
50K,0.3,3.0,1,diseno,180,7.013333333333334,5.2,465.9737740216088
50K,0.3,3.0,1,control,180,5.8933333333333335,3.86,240.0914115013511
50K,0.3,3.0,2,diseno,360,4.3,2.06,278.3215127213086
50K,0.3,3.0,2,control,360,4.74,1.9666666666666666,280.3459193859632
50K,0.3,3.0,3,diseno,540,3.5733333333333333,1.06,282.5002048609805
50K,0.3,3.0,3,control,540,3.74,0.86,164.77094575226448
50K,0.3,3.0,4,diseno,720,3.433333333333333,0.8666666666666667,282.58452772290923
50K,0.3,3.0,4,control,720,2.473333333333333,0.5,60.01090209335764
50K,0.4,1.0,1,diseno,240,4.66,3.973333333333333,412.13963017637565
50K,0.4,1.0,1,control,240,3.14,1.98,111.00740934889741
50K,0.4,1.0,2,diseno,480,3.7066666666666666,2.22,152.6781092608157
50K,0.4,1.0,2,control,480,3.6066666666666665,2.0866666666666664,103.1100978699583
50K,0.4,1.0,3,diseno,720,3.4266666666666667,1.5733333333333333,97.58283241236326
50K,0.4,1.0,3,control,720,3.24,1.3333333333333333,98.71757785473254
50K,0.4,1.0,4,diseno,960,3.18,1.0466666666666666,106.60084897215275
50K,0.4,1.0,4,control,960,3.2533333333333334,0.96,124.17142905762655
50K,0.4,1.5,1,diseno,240,3.0933333333333333,1.4466666666666668,28.870862363208047
50K,0.4,1.5,1,control,240,4.226666666666667,2.6333333333333333,99.03669636444114
50K,0.4,1.5,2,diseno,480,3.993333333333333,2.1733333333333333,255.12502266699994
50K,0.4,1.5,2,control,480,3.82,2.34,363.12494440891214
50K,0.4,1.5,3,diseno,720,3.5,1.2266666666666666,178.1711088405989
50K,0.4,1.5,3,control,720,3.7333333333333334,0.7666666666666667,129.61462997804432
50K,0.4,1.5,4,diseno,960,3.0,0.76,150.19900596745236
50K,0.4,1.5,4,control,960,3.2466666666666666,0.5133333333333333,104.2127659338126
50K,0.4,2.0,1,diseno,240,5.206666666666667,2.3733333333333335,137.36259779444936
50K,0.4,2.0,1,control,240,4.12,2.56,156.46645921670154
50K,0.4,2.0,2,diseno,480,4.66,2.1133333333333333,231.7037398384934
50K,0.4,2.0,2,control,480,4.6066666666666665,2.3533333333333335,393.91477585639353
50K,0.4,2.0,3,diseno,720,3.8533333333333335,1.4333333333333333,284.40649509667725
50K,0.4,2.0,3,control,720,3.933333333333333,0.8,115.26034177675747
50K,0.4,2.0,4,diseno,960,2.7266666666666666,0.54,76.23075516834463
50K,0.4,2.0,4,control,960,2.7533333333333334,0.5266666666666666,52.72789536875318
50K,0.4,2.5,1,diseno,240,6.12,3.986666666666667,229.10525330688648
50K,0.4,2.5,1,control,240,3.96,2.6733333333333333,108.59735144553532
50K,0.4,2.5,2,diseno,480,3.8133333333333335,1.7533333333333334,201.29890556021098
50K,0.4,2.5,2,control,480,4.1466666666666665,1.6733333333333333,89.39728200271036
50K,0.4,2.5,3,diseno,720,3.3466666666666667,1.3066666666666666,319.3330873952558
50K,0.4,2.5,3,control,720,3.36,0.68,24.145211603209844
50K,0.4,2.5,4,diseno,960,2.3866666666666667,0.46,42.555778558904265
50K,0.4,2.5,4,control,960,2.7933333333333334,0.5933333333333334,129.3419209129088
50K,0.4,3.0,1,diseno,240,4.86,3.046666666666667,213.3870830684226
50K,0.4,3.0,1,control,240,4.2,2.94,82.5930743726456
50K,0.4,3.0,2,diseno,480,4.1066666666666665,2.066666666666667,301.760827745369
50K,0.4,3.0,2,control,480,4.593333333333334,1.4133333333333333,137.29964419241026
50K,0.4,3.0,3,diseno,720,3.0733333333333333,1.26,266.4013607984532
50K,0.4,3.0,3,control,720,3.026666666666667,0.74,119.68790352546439
50K,0.4,3.0,4,diseno,960,2.7,0.4066666666666667,65.64396150861289
50K,0.4,3.0,4,control,960,2.7733333333333334,0.43333333333333335,121.35894956596373
50K,0.5,1.0,1,diseno,300,3.6,2.08,38.42796906537053
50K,0.5,1.0,1,control,300,3.72,2.9,254.37964157686338
50K,0.5,1.0,2,diseno,600,3.1866666666666665,1.4466666666666668,76.62490359344214
50K,0.5,1.0,2,control,600,3.1733333333333333,1.78,99.32067386748035
50K,0.5,1.0,3,diseno,900,3.3,0.9533333333333334,49.40203466987417
50K,0.5,1.0,3,control,900,3.3266666666666667,0.9666666666666667,30.24841976443416
50K,0.5,1.0,4,diseno,1200,3.1866666666666665,0.8733333333333333,160.59187818045422
50K,0.5,1.0,4,control,1200,3.2733333333333334,0.78,37.1212170579189
50K,0.5,1.5,1,diseno,300,4.32,1.9933333333333334,138.607562174014
50K,0.5,1.5,1,control,300,4.06,2.2466666666666666,92.34675665212193
50K,0.5,1.5,2,diseno,600,3.5933333333333333,1.72,217.02701466608096
50K,0.5,1.5,2,control,600,3.986666666666667,1.7666666666666666,102.5495951640611
50K,0.5,1.5,3,diseno,900,3.7933333333333334,1.1066666666666667,146.11704531410533
50K,0.5,1.5,3,control,900,3.66,1.0666666666666667,106.4873659923601
50K,0.5,1.5,4,diseno,1200,2.9,0.74,170.49001992504304
50K,0.5,1.5,4,control,1200,2.953333333333333,0.6266666666666667,90.52408502887666
50K,0.5,2.0,1,diseno,300,4.433333333333334,2.9266666666666667,214.07137683036984
50K,0.5,2.0,1,control,300,4.68,3.42,442.49799881409405
50K,0.5,2.0,2,diseno,600,3.533333333333333,1.7933333333333332,160.34102753220168
50K,0.5,2.0,2,control,600,3.5866666666666664,1.3866666666666667,84.23456682093904
50K,0.5,2.0,3,diseno,900,3.04,0.96,87.14211886084455
50K,0.5,2.0,3,control,900,2.9,0.86,243.53393959357976
50K,0.5,2.0,4,diseno,1200,2.3066666666666666,0.28,-6.842835591582812
50K,0.5,2.0,4,control,1200,2.1266666666666665,0.62,308.97235218319554
50K,0.5,2.5,1,diseno,300,4.7,3.3733333333333335,274.30700620381907
50K,0.5,2.5,1,control,300,4.153333333333333,2.506666666666667,178.9173379352149
50K,0.5,2.5,2,diseno,600,3.4266666666666667,1.8466666666666667,215.21289380539957
50K,0.5,2.5,2,control,600,4.56,1.6733333333333333,144.55459186864448
50K,0.5,2.5,3,diseno,900,2.8933333333333335,0.8933333333333333,121.2221975294501
50K,0.5,2.5,3,control,900,2.66,0.9733333333333334,239.64306866938597
50K,0.5,2.5,4,diseno,1200,2.16,0.3,0.21203473979832665
50K,0.5,2.5,4,control,1200,1.8333333333333333,0.38666666666666666,93.86940079763649
50K,0.5,3.0,1,diseno,300,4.5,2.986666666666667,223.40171490351844
50K,0.5,3.0,1,control,300,4.873333333333333,3.3866666666666667,292.4440144056734
50K,0.5,3.0,2,diseno,600,3.2933333333333334,1.0866666666666667,117.32681867245616
50K,0.5,3.0,2,control,600,3.3666666666666667,0.94,19.101176212801278
50K,0.5,3.0,3,diseno,900,2.7266666666666666,0.7333333333333333,38.471592102288795
50K,0.5,3.0,3,control,900,2.3733333333333335,0.9266666666666666,307.65923991245575
50K,0.5,3.0,4,diseno,1200,2.006666666666667,0.28,3.348358735114644
50K,0.5,3.0,4,control,1200,1.7466666666666666,0.35333333333333333,97.38392508134889
50K,0.6,1.0,1,diseno,360,3.466666666666667,2.32,206.6428178727075
50K,0.6,1.0,1,control,360,4.753333333333333,3.1,165.7402198865321
50K,0.6,1.0,2,diseno,720,3.4466666666666668,1.3733333333333333,185.69369214573692
50K,0.6,1.0,2,control,720,4.1866666666666665,2.7066666666666666,313.57861245983344
50K,0.6,1.0,3,diseno,1080,3.18,0.9333333333333333,115.42983970402445
50K,0.6,1.0,3,control,1080,3.36,1.26,145.64854727229425
50K,0.6,1.0,4,diseno,1440,3.1,0.96,231.8294883407553
50K,0.6,1.0,4,control,1440,2.993333333333333,0.54,52.1664455267847
50K,0.6,1.5,1,diseno,360,5.0,3.0733333333333333,484.1020311443821
50K,0.6,1.5,1,control,360,5.6066666666666665,4.266666666666667,603.7450821704438
50K,0.6,1.5,2,diseno,720,3.14,1.4333333333333333,165.03514998188098
50K,0.6,1.5,2,control,720,4.0,1.76,269.5913621032329
50K,0.6,1.5,3,diseno,1080,2.92,0.92,122.23146614562073
50K,0.6,1.5,3,control,1080,3.2666666666666666,1.0733333333333333,274.2543636289734
50K,0.6,1.5,4,diseno,1440,2.64,0.42,67.57361658069622
50K,0.6,1.5,4,control,1440,2.4266666666666667,0.58,146.88849629205885
50K,0.6,2.0,1,diseno,360,3.8666666666666667,1.6733333333333333,73.09266274093493
50K,0.6,2.0,1,control,360,5.153333333333333,2.7133333333333334,293.1950158853789
50K,0.6,2.0,2,diseno,720,3.6,1.84,285.458125553699
50K,0.6,2.0,2,control,720,3.7866666666666666,1.36,76.04311757525083
50K,0.6,2.0,3,diseno,1080,2.5,0.74,61.20556060898535
50K,0.6,2.0,3,control,1080,2.5866666666666664,0.6533333333333333,196.85067420968704
50K,0.6,2.0,4,diseno,1440,1.96,0.35333333333333333,24.225656487416487
50K,0.6,2.0,4,control,1440,2.1466666666666665,0.52,231.92860025365428
50K,0.6,2.5,1,diseno,360,4.113333333333333,2.0933333333333333,113.68337099510244
50K,0.6,2.5,1,control,360,5.486666666666666,3.08,275.43291687765355
50K,0.6,2.5,2,diseno,720,3.42,1.1,144.87736547277922
50K,0.6,2.5,2,control,720,4.006666666666667,1.08,87.12883840910315
50K,0.6,2.5,3,diseno,1080,2.493333333333333,0.6866666666666666,89.6837460897003
50K,0.6,2.5,3,control,1080,2.493333333333333,0.72,190.23520420493918
50K,0.6,2.5,4,diseno,1440,2.026666666666667,0.32,-3.6266565756346836
50K,0.6,2.5,4,control,1440,2.0933333333333333,0.4,202.81699578452367
50K,0.6,3.0,1,diseno,360,3.3066666666666666,2.1333333333333333,132.21808901873044
50K,0.6,3.0,1,control,360,5.76,3.0933333333333333,478.2724970258517
50K,0.6,3.0,2,diseno,720,3.0866666666666664,1.1866666666666668,193.41414821090507
50K,0.6,3.0,2,control,720,3.42,0.96,104.77603595786825
50K,0.6,3.0,3,diseno,1080,2.3133333333333335,0.7266666666666667,87.94056586906662
50K,0.6,3.0,3,control,1080,2.2,0.6533333333333333,216.08404409338073
50K,0.6,3.0,4,diseno,1440,2.3133333333333335,0.30666666666666664,4.437038955124038
50K,0.6,3.0,4,control,1440,2.12,0.3333333333333333,142.6753507577751
50K,0.8,1.0,1,diseno,480,5.026666666666666,3.06,345.78108110495015
50K,0.8,1.0,1,control,480,5.166666666666667,3.36,249.0202794542783
50K,0.8,1.0,2,diseno,960,3.546666666666667,1.28,216.248208865038
50K,0.8,1.0,2,control,960,4.166666666666667,2.0933333333333333,171.4647271137257
50K,0.8,1.0,3,diseno,1440,3.46,1.0666666666666667,242.17780391447917
50K,0.8,1.0,3,control,1440,3.42,1.0266666666666666,171.2132854518258
50K,0.8,1.0,4,diseno,1920,2.9466666666666668,0.6466666666666666,80.17097124296411
50K,0.8,1.0,4,control,1920,2.8066666666666666,0.38666666666666666,65.74257244023367
50K,0.8,1.5,1,diseno,480,3.8666666666666667,1.6466666666666667,53.46753830529299
50K,0.8,1.5,1,control,480,5.413333333333333,3.2066666666666666,350.6235398250133
50K,0.8,1.5,2,diseno,960,3.6533333333333333,1.4,165.85699775715392
50K,0.8,1.5,2,control,960,4.02,1.3466666666666667,159.41863506005598
50K,0.8,1.5,3,diseno,1440,2.8466666666666667,0.7,98.05002286988888
50K,0.8,1.5,3,control,1440,2.68,0.6866666666666666,179.24444985590435
50K,0.8,1.5,4,diseno,1920,2.54,0.4533333333333333,53.24649636463478
50K,0.8,1.5,4,control,1920,2.3866666666666667,0.5066666666666667,138.15733895693114
50K,0.8,2.0,1,diseno,480,4.44,2.04,138.5572722844327
50K,0.8,2.0,1,control,480,5.46,3.0933333333333333,366.7977497267647
50K,0.8,2.0,2,diseno,960,3.1066666666666665,1.0733333333333333,116.32680823297805
50K,0.8,2.0,2,control,960,3.933333333333333,1.38,276.53614120500924
50K,0.8,2.0,3,diseno,1440,2.526666666666667,0.56,45.450278631367766
50K,0.8,2.0,3,control,1440,2.64,0.4866666666666667,156.31281505437755
50K,0.8,2.0,4,diseno,1920,2.1133333333333333,0.32,15.48519973616665
50K,0.8,2.0,4,control,1920,2.32,0.3933333333333333,125.7789200910622
50K,0.8,2.5,1,diseno,480,3.96,2.08,105.39695125855765
50K,0.8,2.5,1,control,480,5.806666666666667,3.3,350.23099909790534
50K,0.8,2.5,2,diseno,960,3.18,0.78,53.163542753136184
50K,0.8,2.5,2,control,960,3.74,1.44,221.89690004073492
50K,0.8,2.5,3,diseno,1440,2.6466666666666665,0.6466666666666666,74.0532302561978
50K,0.8,2.5,3,control,1440,2.6,0.7066666666666667,142.9861571600972
50K,0.8,2.5,4,diseno,1920,2.2266666666666666,0.3,14.618268041833858
50K,0.8,2.5,4,control,1920,2.3,0.44666666666666666,130.21883389053096
50K,0.8,3.0,1,diseno,480,3.88,2.08,159.76458107203342
50K,0.8,3.0,1,control,480,5.366666666666666,3.0533333333333332,390.44030093856054
50K,0.8,3.0,2,diseno,960,3.04,1.04,95.13609266328446
50K,0.8,3.0,2,control,960,3.36,1.4,216.99874929132847
50K,0.8,3.0,3,diseno,1440,2.68,0.78,125.13255249409754
50K,0.8,3.0,3,control,1440,2.64,0.6933333333333334,181.68544467907896
50K,0.8,3.0,4,diseno,1920,2.7466666666666666,0.47333333333333333,64.70906152534026
50K,0.8,3.0,4,control,1920,2.2,0.38,87.52645041635655
