cuenta,ventaja,micros,pasan/10,cobran/10,EV/cuenta $,EV por $ invertido,tandas de 10 en pérdidas
"25K  ($50,30)","realista +0,05R",1,4.1,1.8,81,1.61,24%
"25K  ($50,30)","realista +0,05R",2,2.2,0.4,18,0.35,73%
"25K  ($50,30)","realista +0,05R",3,1.8,0.2,-7,-0.14,84%
"25K  ($50,30)","realista +0,05R",4,1.5,0.1,-17,-0.34,88%
"25K  ($50,30)",cero,1,3.6,1.4,42,0.84,32%
"25K  ($50,30)",cero,2,1.9,0.3,2,0.05,74%
"25K  ($50,30)",cero,3,1.6,0.1,-25,-0.51,88%
"25K  ($50,30)",cero,4,1.3,0.1,-33,-0.65,92%
"50K  ($90,20)","realista +0,05R",1,3.3,1.3,5,0.06,51%
"50K  ($90,20)","realista +0,05R",2,3.7,1.9,148,1.64,28%
"50K  ($90,20)","realista +0,05R",3,3.1,0.9,136,1.5,45%
"50K  ($90,20)","realista +0,05R",4,2.2,0.4,61,0.68,67%
"50K  ($90,20)",cero,1,2.0,0.5,-61,-0.67,89%
"50K  ($90,20)",cero,2,3.1,1.6,54,0.6,42%
"50K  ($90,20)",cero,3,2.5,0.7,30,0.34,62%
"50K  ($90,20)",cero,4,2.0,0.3,18,0.2,74%
"100K ($170,60)","realista +0,05R",1,3.3,0.4,-116,-0.68,95%
"100K ($170,60)","realista +0,05R",2,3.1,1.0,55,0.32,57%
"100K ($170,60)","realista +0,05R",3,3.1,1.3,151,0.89,43%
"100K ($170,60)","realista +0,05R",4,2.7,0.9,153,0.9,54%
"100K ($170,60)",cero,1,1.0,0.0,-171,-1.0,100%
"100K ($170,60)",cero,2,1.9,0.4,-94,-0.55,86%
"100K ($170,60)",cero,3,2.4,0.7,-38,-0.23,72%
"100K ($170,60)",cero,4,2.0,0.5,-57,-0.33,68%
